website;consumer_key;consumer_secret;access_token;access_secret
https://ticketcrusader.com/;D1sk92ur54B6LXj7xaqXw;bSSqzkF35OPd0maRi055dToEPjZkqPk8BbEupANwLU;26934605-ukx8ZFcfITRxUNjTcKZ6SalPRz98V7asdLeWLDCga;9NeoHF7TQBXrKvcuUSgN41QlXhz80f3FgSWv6F9azy3Ke
https://www.rainx.com/;uoYTcrdh23RIWpngUlm5CQ;yw1lZjySq55T6s5lDqH3rixsCJrBtlvl9h6QlTHk5w;550493457-eXCyKzwJzTyl0VYaTVyo9YQSO3JhcMAyeuYc3nuN;wK2eKGSV9PBmMDSDHGLviYVCAdkOKz8smprEawUDo
https://www.unir.edu.ve/;BqXTmSmekdwj6yB7ZDBzLf0qV;bvurPZDtBw0EesBCizT6Z8oo2cVEqKOSQalBQi60wuRGVwrDK1;163478955-88t08m2K8oEvlD5mYekAF73scOyaRQbLECxyGtzb;45LvCkYP0LyM5voxl5mgEO0dFBJzoRVtdC0fzx6QG2Cgr
https://www.permatex.com/;3inzi3CaAGTm9TlAfZVLcGdvz;irCSQ1MG1J5htLrDuVcHsM3tfJXxMJUbcFLOtjRYFhYYbfvFag;54319788-feOIuzeMxVP4lPGdRorRXtWoNlX4vTgRQq43RnyGi;zSwIY1fKr8KTyjQUa07QQyiFEl5Ekr8YypZ0Tc4A77ov5
http://blogpaws.com/;axePurlpbVb6ApI80kI03Q;M9q9icSd1tu6iUp11do3mdmrJNTNfCezlpieDgyH2sQ;95220493-DWiVIsmvTfIg2ZW8VgowPP5zojsCtL1hZTbCoXvTf;vGrHLsMAxEzW93Y1xTSnncjK9NVHNKz1gIRLzNsjVohYO
http://www.requnix.com/;LzSF8ZiqsJ2qJjm0cZW7Xg;G4knayzPiEEJOgAAEFzW3yzvbxG2rRNwcpsw6IY9NbI;22044449-GXLkNiRWkQZBXWVdo7BQZa8puCsI0lI8CEfobflEp;IQa6jRlQKOthGqdXClgmgQdkBK2rw0oOCpwVBJy5w4
http://wopidom.com/;vua3kU25WSXBWWeJRyFxGg;Q4K4ZaGvOzVrUpxPKOFgOu6PZIg9aeoI5YaAIKlt3o;890712528-KoMEWpSNDjpAL2m8fZpP6LGVmFxu6gOCdFIhLzxF;pP3S4mXQ2d1HSIzKURLUR96UZ8Iso1M779A7wEjN9i4
https://italia-by-natalia.pl/;h4brWUWZOlJgXSUmgEMqy3Lmh;eqIFKhNrO9d85uJgARJGCKjxmCSZfhMSbZ3RLgc510xVdSfIe5;1108286894-JNfqu7zt2oKrYMUWmyf8EoVCHVSclcPD1IeBSzP;oWCtb8L6vu5GMNdLA5c8fAgCVDUoiB5zEIrniFpNm6Fwr
http://www.mammas.co.uk/;BYYB4a3lr5xr6csxcBB2e4Y2K;64Q736Y1RwvJjxdAvxWdE4p9JbxnHsbtM0dI5TJJTDx93JGJkJ;796425864-N4LOIZDfqplMQiFQ1SmGOwF3P5b6yzZxVZCLpQGm;pwMZVtRkdbCBYdQY6SF2JwzE7QASJv7TNSLhJxNcP6puO
https://www.adequate.pl/;WfZrl9iFegBDi5Hw4aGPK5D6O;fUNcVi5oLhqhkNzE0RrRlFUGSZkawpgqsx1vOHrUMvuFcDIram;392242139-mq9kieJfGPVgD1WpJyU2tRRHvoSXiJtsXU4xJdqT;cD06NBsOmd26hBnt6IGGW74GdG8ws3LApt668Eu82qwqX
https://springeroperahouse.org/;0lDmLffAJCN430M7QDZUyLbis;rVJ2H2pEhFT38WX8de8Yu3yjOQAwGmE3Wuh0VfsnD6SwL221by;;
https://www.wdsrx.com/;StVRiEMYRvv8Nb7KnqyOxoDqm;AVVH989gfj3B5Q3qGfS8z2fkKVQrLUom7gdFs9UK3L9YAyoNm4;1737241106-0TlGl09nTuXiMMBa1cxwhV6h9Gvyrjr4t6DoSM9;HDy7rlsHL7uXRLtg8SBVlu2Ju24FP3kzOPtViXzDT5KE7
https://www.ctnd.com/;vIEKDQXC4NK9EW51JLuyQIlbh;DFNrJm8PslMUHCxUmrH8B4TO1XAcqUHDBY1I8DaXkFYv0tSqz9;466222716-bbdqMrTV0LRWFS2UYhvdo8T3Rv9QPNluJpFTyT6B;uNo2paEqJo8A8Ho70WRJnkJMv7ofLUbdRA30xEmzRzz3j
http://www.becombi.com/;;;;
https://www.sunsetgrown.com/;BBdqtA3Zm0uhBky2hZilg;qjR0dIiMcbD9KdJwlDpMy83p8PCxnJGeTQdzb4teDnY;16118655-ylhManigeHSZgrXGqLKBTvL8amFKBMXbUnRm3ibVT;6wDiJte5he2d9Smmtwl7hn1dyffdZqgwXnwvbG9UkI
https://www.callejeandoporelplaneta.com/;;;;
https://www.riverwind.com/;dSDowBnW4Io5XojgPVVoXCvgi;RDs8Y66BFyEFGhpmsqLULG6ysXLbVsF4j2qvGJDSTBoFff3PUM;141601913-ALwlEB77Ak28N03rNZvMFwPB9UOs14p3lb526wOO;5YJrVemK2kImPe6zSSqwVkgPaLOUA4bgpz6Qb9vWmKQFK
http://padmasambhavagururinpoche.com/;hiEmmfmEBjE2NGM9x6jvZg;bGAvK5ZsMcJmOGdW06yhuPSHAon9wPy2t2jAGXC1fk;491301212-xbhVgbJUMYbuKUQXNr9gzwZ2W5MVCHNtM2RbR1Wc;kDYHyOm7UPPb293DemMm5R0kQ2f3bORXYQjyzmNY
http://www.ftccollege.edu/;TtUcXgTdj6JZ3k5CkOfUQ;PaDYECndNoNgYVOfuHuvQpcfyEBj5oAS1lx29Fac8;81902121-k6UTm8bljom2l7aJB37YMcumsKkJyID1WHrMd6BEL;lopRDJyYnkd6rO1aKSF5Vo2YQiDB1tgvjc3D8got0
https://www.socialmediamonteur.nl/;RLMop11YoeWXPy3bFNYBJu1C2;hhXdg19C8QtkBrPwG3qmz396NDuzztS8v9BjVNdo40y0ulppo7;1328795664-pbvBio3FiA9vpuOsrC3RVdwYEqsW6ffk9c6SZBd;dBQnkp4g1rTR3vd02gQFIMVK10ObEVezKGq7p8IWr457y
http://music.us/;9MsDM28HVrtr0oV7LvcdLEnzI;mrhlmxOv7HSQUhjU82lluLU6WGGn6zSaFRGEOr6gJXbNzX5bjN;23993598-SX63ziZHH41bMJNGSCRzhBHwbYpw8tlsKU4Hb4uyH;kcIDlsLXs9F4e1MU9kZK9WUYCEHCWK5csLRZvKck6jLVU
https://www.bagimsizinsaat.com.tr/;5C9w2V1X5yIjZXqBe9tWO8qqY;h9Og4kvAW8PXkUBVPsxLQ9as0hrrhExiV6Up0JYxpENRuJ76Kj;2880730077-ZQ6n1xBOouwYMPlAp3l2dmZOdgCDWg862BE63k2;79HHmsvAY1pIZ5bR4ucv6j6UEqUYGKkKo3xUXTmRIRzM6
https://gsrne.org/;;;;
http://www.metromls.com/;wNRhT0oQSr51OqqsjBmWuf4IK;A3ek5EVG39tYEe9M7DSLtmjS7qvuLC9DMhSpgRBHoj7cobFFbP;35765346-hvQW9f6fxkBb9DPrDc8RUFpTYZWj1fEtqfQVZ90h1;xl9ZaCmFEI7rqG369vQpL1P7A9nel1LkmrxkN56r3il8c
https://campnewman.org/;S8Bq2etgp5c9zDGLBS1PshKVX;OzUgqIxWUFMXesXCqTGIShc7Vh5DbRaxaBE3l1a03I1dsdvPph;18697299-cUJZ8IkTQnsDbaQGQgrbEkvqSrRXCHpzmNrZbw9DV;PX1Y8Ye0WEmoUeKe8PPrmPlyU0yRs8vhat0KMqDBwuAzo
http://haqcrc.org/;tZluobdtvHJZuwHACWQKpMk28;jzpv6AMNv1sOVQiRTQIWQUKt52fwnhzVV2ilB5RAl1Z6fEHMSU;166026872-W2eIxtxdzh8YJYx9tMNKz84KGgy8GW3CfZflouY0;cPGNvNb06E8AfBByUkj9tmKOGfl4MY1Do4Y6Beu960u0A
http://www.evergegroup.com/;NoB4gVMYfELmzCpKbRKsyTQtM;NBnhqHHqQuZYr2FB0BElDl8bKezjcfht2QETXPMw0M3Pypv0Jt;125764638-IhtHtchk61IjhpIQjlZmVJ5Q7E3D2PgFEKOYW3wN;9rPO6MszNpgNUYhUdXxQP4xQ3AG0XkCqjRdkY8HH0iwPe
http://pmfc.hu/;kpbPbmCC9szSxKfWZ1MhRbic8;JmlseuVg4gZgfCyQ9cSS03QrehIE0PtexB6PbT3BdkazMuPdjP;3994384180-7lFqW1nCLtfAQ3gSasHMXBp700at7EJtbJw1uMB;3Q0xeiMP8l2xZn0LuFYKNzRa6gUrs0vjnSRNlXYOSm7Iv
http://butterflyshow.com/;4kQ4aZu4O2RPrqMzR2CFaB3f3;MDrOJCGxBSWH8QkODzKQjHKhSG0dtn0mfjsqGCdHSqRrGu8oUk;271583614-ojJlBnKnSuLn1P1Fk2sblyh9vEUzX0tGEIwpwgDx;ftnqR7hq9L21Ld2Ca3pqLut57YeegDIcV37IBpOJvskvm
http://mlswis.com/;wNRhT0oQSr51OqqsjBmWuf4IK;A3ek5EVG39tYEe9M7DSLtmjS7qvuLC9DMhSpgRBHoj7cobFFbP;35765346-hvQW9f6fxkBb9DPrDc8RUFpTYZWj1fEtqfQVZ90h1;xl9ZaCmFEI7rqG369vQpL1P7A9nel1LkmrxkN56r3il8c
http://stitchnyc.com/;bqao8VA6CYPO6xOL43ca1KQfk;kcMOMsLB4dqqM7YeORAWhXBeNWSC6I7T9y9R8dywDYpND7XSpn;48501380-IQQQta8qOxBK5wBnAQeGFKK37Y7O4Wf51K01Rc8bs;fK3tIcx8GXEBIRS5ldBBa4ssSTcmK9pdj87zsO9m5ZqKR
http://eaglerockschool.org/;ZPZ08xQwsRNkIbv83fQoJNUN4;TizloGovWmgDPZInnUIGM5GhSXHPmNrOwPkmSsfLqyG3htAxpI;20824581-sAAcwDxUXfVmP34otSHfgrGuyf1BlP5rxRvsRPyOp;IhunM2UzsM5qZNwqErMY92EYMyH6cRu1a6DIJc7UIFUm1
https://www.opalfoodandbody.com/;pIqkuhebSYSoiwGs01RbPcsOv;psuzyNcldxObTPnBIOMjBK97G2fZpF61ee0CwQYsBxxWJA72Pr;402903622-kFatReDqJTxZuwc6iScUJdFEdLa3hQE6ewaxlkwK;m3kH5bC2Tow18a2pUIl3smbvj5uzbgvwB1LRcANsOXA6d
https://www.w2ssolutions.com/;rEQNgvemwoYITdlegOX51uHPt;RxGxmuLWfHgiXkk7xsdjWhUkjtu7jJtU0OTmdPyFdYmzfOwfro;882275052-15xMxi5ifeIXlq4PVgnYRPaVDjsg6laGUcZ2vJ4D;SkKHi6BDjyeI2EqefkEJWU70kiPNd1RnxjoTOyioyia5g
http://www.detection-du-mensonge.com/;WAUridqAkz5cLMeCD3oA;yOk2Y45f35oiQlgvzwXeKnK7oUaFx7AuWTk9MSoSU;503652875-XHHWSnUrJ8OFVw8FwN6qHIHm6M3FwqDEAB55Is;0m3sSKLl5ZSJeCbvSu3WyCcxydu30f1GgmkxbNVPo
http://finpan.com/;W6kLHMAlY7VxuFgJh9Doqc3Oy;5eXiX1WefBVkjEHKMZnQVwMGtXBtehYpAnw4dwiGY1YYWJrcFk;2433664202-8afA3q56LqjeqNkG9wgGpx8qLTgjGcu4Zxk7dAp;twFhiQ4GeqprsHNmAWCD2rH57dM2xgrOjA14zzKLtj7NV
http://www.bicyclecapetown.org/;HVFyWqDTPpxDCzFSqZXcRgwiS;yXfYr6e8ci8tLd1KSTeHUx753T1nuBBvwoiuFiJwyV1vW4fJYZ;619457521-7Qze7xbN5oednZNylijVhL4p0C5BJJS6OV9WY0zr;abOXl1fhAtQW7AngLQ0TvLLW65s5NjeTJHpnf5kwSSGnu
http://commonsensecanadian.ca/;SrkWVAwATreGi1VaSFexC8t3W;LmsOQelnia5bolKvMSpW3iq0w70pSYCHRFZ2BBW3TzQ2uyLp9v;149635740-hRy8afHGZ1oZh8HvK206yDaPHEqbYY4Si3z88poC;bbTVP91iTxh1XKTWxjh2uqp95ulJlakCNMl7mQIABYiHM
https://bionj.org/;SyERagW635l1I8XaWn6sOosLg;FDiy52vsznNZLFhqW9UMkkbLxL4MhFS87syGGVpzHb9O4PHLgx;126012620-AdtPTgklddf801pVUzcsblLD3UG1xm0ParyhlFEc;gBn3kTRlPzAVKd5q5h8wr0ZiBCX1oGnjGlf8MbgO57062
https://aallah.com/;Dq68v5mRcq7rpF8mWi8GrhN2T;flilHer8DE7GxDyVhHUXaSB8O3YiVrMqv2eIEOONYkzpETeoWu;;
https://www.mdlogistics.com/;DYtrBskksgMFpmZAqiO0zJVZV;jj6AZdAK1WOmlTerdDFMsFXHe0jQM23mlNANxIhdMZdlrzZXEL;621345117-H8uCgp64vuZpmXPvR0lhSTjlberLWZp9DQNeh0Nc;wDWUm2RM8FnaiEMLyNmQW9jyNDbSlFrHzIT2pVb2E
https://www.lafra.org/;GcZ0XtvFLpDodZz8vQGmw;ZbPrzQ3IspepHKbFc1YKxATkULOfXClHM74EnWdh6aA;281893676-VpCFHcqsHYXXzBY8IKQ2raRqpzBvjtqJEyN6Hr2v;bFkCv4pyJ0Gkd7ENpOPmNInNbEGhUAXo5qPzqjo98
http://nice.co.ug/;xTYiqmciE4ckxjqsnRxwYqHfR;;1364612108-N6pJvmhYaNCN5DYBi0aprPkfWlongHgIA9sLz3L;GYPT085n1u7ttrG5zs6Klzz7W4iACRH4XSHKVuF6bBsRn
http://www.totaldesignreviews.com/;fO25Isk4eWLAlkGySihADg;HNfJKgciPrNFnKqImal77g3tuOYhy6aY83uAzbk1GVk;1371383408-DByG4EPyvXrzWj84syIGdT2WLfn8VSORVNPghA8;QbKEGfGK0hnxaOCaPeR4Td7hDJFGLbM0QjAQcgnMsE
http://voivod.net/;uyJrvQghh2Q8zniuJPkeHA;zYb22IlwV56zKgweDMaH70Uy754ps1KNxg3C4G9HSV4;41967518-zgRXMIbpav3VIAAbWlo4hsdlHne5JazQbtyBWbkkZ;hdJRra38fMDsuie5NlJGBpFREwhpL8YXjkayGZMt48
https://www.spraynine.com/;3inzi3CaAGTm9TlAfZVLcGdvz;irCSQ1MG1J5htLrDuVcHsM3tfJXxMJUbcFLOtjRYFhYYbfvFag;54319788-feOIuzeMxVP4lPGdRorRXtWoNlX4vTgRQq43RnyGi;zSwIY1fKr8KTyjQUa07QQyiFEl5Ekr8YypZ0Tc4A77ov5
http://littleyachtsales.com/;kcyl0Plhwp0rgtitY95Dw;DbLrMeQ9nRBlz6HoSYlun3nG0BjA5vApLAM3Yz1Hw;21499335-tnGgq8nuuHkpHneyIpdvgMSwZUbYzNl6tjnkKyTFh;gALdk7gizUyUNNQfl5rcqfZQny4zTLJxQaervd6Nw
https://www.translation3000.com/;vpipAngNSsUnjhSVTi9aw;KlsgLaez7uYpPMg1P368NP8mdRaoS7qW5hXniMjvk;176088719-ad6DRQzm1ESxfB2pcmJQR6coekvnkEALyREWhcQ1;B0vPm5Szl8I58v1Zq5qtnUgDyA50Pw1Hgdap6l0NI
http://andyreidracing.co.uk/;TuTWwOC8UhDfvMTXi1xDZFcb1;UmIauaT3FVKOeUAj7dGWVqqSwuSFoelTO7mghj1PsRd7wv46pe;46674533-gPy1WY2ctkAeI0n91nCeMeBW8MNwKagviRgfDSiKe;JT61ZeyAH1lvfO4j0QfhhZCWuMqYIwOOAUrWThfdArmGS
http://vivreenguyane.com/;E4Xp5olN2ADXsthZPOhl4Q;IiUzX226RJj9cGBUux6W5YRvRDiPhfbqLxQQ9Dqxvs;412415223-ixtGDm9GeC8gIKZX5qxaO1dcMgwe1xfwVFVHi0Bt;ORSfTOqPIOxcpLYCGGUzxH1iSgQ0AIlLZiejH7To
https://www.studio77.ae/;H5yHfOopG5tCCloyR5Xe6XAUo;6sQ7C68TqxXz13mDaC6VoguzCWYWY5FLtrWnSZijrSd3wGIivT;823434813411627008-TAFJHOBbcJaRKINbmbHSrQersNwXQ1e;K2Rao0TBcCLaRznElA7cD0W0IP1M9J0RLhS3Rsk42f4ag
http://pol-reclame.nl/;SetaaEUD4h3cGiPuHcqxnSIEE;B91Jgz2aYcOsI3hOplwZwzeW6rah5q18iSFQoDaYrxxjO8g65l;104782039-CqADx9mD9MoO8VjLHQFlzxzkx9PUc30U9GnGrW2t;ytHvWMapjsICQtosKg1zNMAMbVmjWiDT0GX97fkIlKlvv
http://academyoffitness.com.au/;ARnbkoBjUurtcjCevUbBvw;ZdromOyBdWYnfKBgECwLhJxElNmcKKNhogHy8xjzZUA;1241411995-zF0BFnzUjkXqgyTLtrmcuNr0njE4KcuwblvNzxT;gAYFqpAs9Q5Rts2f7MxnQY6yTvnkGTLSJfVIoKqquuX9V
http://www.osceolasheriff.org/;Fdt5FVBUlqsUIxjGmSAKq9cnW;POLAiJvxrComRLMsHR573EzNwYp72Sx2feujNluAvsjiw8gQNq;39745956-WqWBcwHI1X8Ujp79LOqq7iOaIBblINsYxgE8iAhgr;3g8TS7VIWDZ83hAWr46UliWDKuRfOYozU6UTeWsz8UDAx
http://omenagency.com/;gIrrgY2PNdBJvifwf7agHw;IKzF35RMvgLTMVTYSkgWDHuOpPLnXeZFAmztKorU;19330907-fdzEWOctieCHgSupsgdNNpQ2aF6OqqxgQiIHPPvaT;RrIevDmUu8Lv5seqIpTFAHOpXmwQJJsCnzKjhz92CjM
http://www.testia.com/;DVZoeXjB5qhYm4FDxDz2Xdghe;nl4mknERCv2wp2I7C9xnSfo4j6fVCAI36UySlGYDx3Nz0IczHD;791606022-JtfB3PWe9JWpva934PO0tBEzpoxcKYFNpBqHRRef;pfnEvAPg7NEqPE84ba6DFsG0216E3DCJvxEsEmoPjm9Pb
http://www.rapidblue.com/;ttzTxlRSNFcDzmOGtcEtq4QIp;htzRmqm47Mk2HP2QGtuP5s84k8ovLx7ApTsrTHk4AHaopgR2jS;57030821-F8hHejXodpFnSJV6CkolU2ogO1xIM1kamSf1vkdWj;98hJPpMDS5MjcPcXKyiMvh6A1VXmMyEINvXkMd82aTTbw
http://4ps.me/;LK4Wvepecf0HMHMpFs2J9g;Fd7Gfques81YJHwIiRMJgQEeDPS6KPqS8Na4HouWNxk;80937095-lBvMYJf9uejEqOjbfFVPTFGyFIY7rNZPYymRGRDW1;Hzt3OdZVpo86ONpxl0zSGENMUpsJF57HersgSLu34QRd2
http://sccango.org/;AxoGP7xIkrU2PCAyuT7MF1DSq;XAHJ6oyTZfawiRvkYZI2LmV3HAQ7DRG7CHxA3sxhWrAEzDSy45;1565799116-WpA2gbOb41YjgwbGTHCGHRIptLtCJE0jy7V1ZA4;9KXLY2aVwUYyOsCdQjo8J6o3OWGFSFMesVQ36P0Ockqqm
http://www.heijoshin.co.uk/;AbCIOHwXNbCX6OFiJ3IzA;GZmylDpChmeSFybMSfQkXpBStTxTgy4PplhQCR1D1w;281974754-dTCkDNhC7Zzi6yzcoD2pAwVospXsaHncxTkT85zS;aLkcPIP3Nl26FkU9IKzKI3YEk4WnKmTAjhWVlmIpuo
http://afelectrical.com.au/;TsCSsyxMOUT3kAyzkZdLdUfaL;WtLoXlyLmVOSFsuKdpTYJgLWbyFbD1ZPDrjKjKhSK3m68x8ZbS;2426700505-QYzTkDcddbUofEt4H7hk5fjt1yy0K4iUQJyyAvs;ztQKPiZ9GipPlYhnildKITtPUAsuiubAiFCsSpTGBhIrS
https://stnicholasandstwilliam.org/;;;;
http://www.houndstoothpub.com/;o59qpro32yiOG2JcYKOelQ;ib2BYwqRe9GAMJIaE3iEe6wxtsofqkj0uJCGUMCYY;48501069-jstUR6ynHNfgMJE29cNfzXZ6x9ESikJDypxxnmRsx;61hSYJQIVzUmz3F1Uy25NwpeyEHReyJzZfzED5TsI1GPP
http://iceskatinglessonslondon.co.uk/;DlYJyPKPYV5TXM2VLIDug;JEiZwgks0Ljd5jfAsKf0pQXZU0BJOZwOQrbWAwZE;1525724784-NAulprDFfUHAwdC8RY5VUZHzJRLTuelA07QMkBx;OHkYZz9xaod8kOIWwARt5Ey3iGACD75m19gF2EIE
http://www.nootka-kayak.com/;;;;
http://bosgolf.com/;ToMorEsGEnWKZPoRIonKEg;6dBziyahr6HFslzlJd6lT6UQagdin8Hkj3EGovVs8U;402743362-C7xFWeUGQQHMKRcbi8saMUwIotjcl51f4ER4eDXg;pws3SfTiBysvLd6cKtoNZRxqqWyya5ZTbSFs4lx6jI
https://www.drkleenzlab.com/;KnD0dX783iSRE4Jqxa3N6bX5g;4YQyyGdis4DOJe3iIJaDikB6i3UwQTVrw7BqZraYwC7LQfGV2E;2936013872-ZI65tNw51N2o2Y4rk5DNKJ0N96iF1PMOGFBoOrT;zb6kmy5xF1DqRwi21tNZjdu8Iujp4Qq3ivzSyj97LSjwH
http://pinkladieshockey.com/;Ce6Fk4beI3dHp9nyS49Pg;adsxi5frRb1KiIQFp6FZSlKs4Ai9CPUhziSgGw6neM;2353492016-XHJwoPovfh0559LPGeg7UqM5Kry5mMgJ4yffmO1;ph4GVZwofKkO6yFgshauYIVswcrGQ63eUdRdD1Mq4LnSc
http://www.pauseandplay.co.uk/;pchpf6cdYqHNDVqLtg7A;WrCYtIB50By0vvrWfjxriJGzG1bnfRnFi3FK1zg66Q;1524463537-CCJpuhzGetanGFpqNifAE2fFSbVTH3tlNERs9DP;mHSHgvvl6bMENgsZSk9mvFv38txFuzqMDsbsKci9DCA
https://historicmasonictheatre.com/;OUBRTzL1UuK21riCjDrwolNyu;pO0EE9yNg8v1lTrudDOMo9HOTEmh4EIg1eqX1V0QIDUIfiK4Mw;1289241930-LNQjx9xUGsRUxXFhBMJLxlu2K3gdimFfHeoQetT;9pqBP0NSmors95k376cbu82wZaiA9Ka3qQTcCRMipRjQy
https://www.vizipipafan.com/;Ms0Dxdky9urlqRNgk6Q;dXS5e3vHfoKmb1a1Y9DRqqNC4qD2aSJ3raiwe6IwjLw;111071110-vlDGx91VQm7pXeS2wHZLDT5ZJqCTfWhlbNjp0X28;vIJR0JeqxmPc93esRVGb9g8PS3MOyZPBCclp6uU9yc
http://ifkvarnamo.se/;7gHmIpTFSf0RQjS0OGB9Yxyji;gd0c7NkhHynrSwTCxxRitXHgxX7qJiNPcFbvvRyP6Fq5TWcUDL;369141955-YZSGFHIowSxH6Pi8PXt10JCuO08CnjhtjXcNuvrz;uK4KPXQJyG8EoKmZBd7ovvSxkYPTeR5MmyaXrpuzxQq6R
https://docklandsacademy.co.uk/;C2DJFeMx32m20YzqV1eFFrUnA;W7BvzkqkyWb0c8Q2JXs0Fe1dJzObw6nuZDk6rdKbWU0caRjVdd;725170679633580033-cfsm9h8NcRgqdpk1VPQhJ2SH8VftbTP;IOcJfnyjAUv9g0kFjrlBdpW8mgCxlH25txc2phFdUk01G
http://www.3girlsholistic.com/;GlyI0H1r5MAIYAmQGgkLXQ;mtFhTVoHKXXRF8t0zgxZYvq5x0IDGplG2bgiWaPhIo;1077893264-ESK9FMOogzjoEBxo62dn7SgWhBLbCqXrvA8dElH;gTdBTOPvHo1F034cDUXf0NW6fMvprEYyWeZIkSb01QWjE
https://www.mti.cl/;KI07X9plAqvHiSXbFjs28c0px;ew77Gx80kwKFx9xjzD1QhVMyz0GEvf88wAWrST9nKXTITGKpnn;92081417-asdM0sKNVA25HnOBrwlIlFre5v9cYKdtyQtcQJDQk;Iqw3E9GkfMzaxNWhVJnHcRojF1ZEUqJM5nZEqmSRny7Oj
https://revracing.net/;UGj426dWv37s5P2NCIcbg;MNewcQ3PDsXyQkySJpbr2nstDnavVUzhz4xO8AudXY;72947252-sEXsy1Def22vfjDTXxLeeHi8kWAHHNGAKP7vFfQxJ;0LcELazpSHPkcy88YG1isW2q6RpvQl9yAQ7zv0FhM
https://www.pananat.com/;q4O6Rm3WFv5NkRfvfpepV3aGf;ehDfUZSrcaEE6iKiZht1Ch7zDYO7nKW0MW3qWe45OGsFkSKK3M;75724859-5Xhl3y6XgppvOY0P9jcDzJqi0Z6EhtdwgHWXEfi4n;yCPEAGG7Xi7dbS4rAK7ixNjvnZsBRNSYhvL57pfCXBnyi
http://neurologyca.com/;rtWJ0g5joVWYa9GUQofonHMr9;b1koyDFrYT3FkqVkIo67ZXryCMC2B5bCibmyM20xrYxJna55Fy;2866492355-kW21NnKRVNkC3fGI0QXFxqLacNfBU4GPSv17kwk;4at1omaE6GN6NA5yeWtTAoZ6QQmNjuydeppg4GiwYSIRb
https://drdrai.com/;p7sX5eC7g84NsZIabYch9fNck;XOPaCLLf2V3cAF6sOjDvxYnOHD5RFHookhn4v8OeC6uFXBjePk;567819293-myNz8blo6tnHYDR63NRDdeS6vQqg8XW2VhGLMkqp;FyqAnWnSIOWdGPsX4GNxIifkgmDq0Cdw7BgIyarTleSlK
http://craftdoordesigner.com/;;;;
http://rogcowines.com/;J0zBp651D6UxdsSEm8o5kCMGR;lO9AUCm1IogtaTCh0B4eWyBHsLnXZ7RgTa3Wu5HJUEvIYSM5BD;588387594-Iw1vC8ZgAKqwMsK685nPxLUBU2YdoK2LTIKH7JOL;rVijpFNiXskGaJKuIJysGvfy1J1ThJ8kvO4VsHotP7Ay8
https://www.bicakhukuk.com/;GZS4B8hPp7Rm1hNdITShkg8L1;Li0lU2rFqu4dQchhbXCLloWpMVVMUdRxPL6jSBKp6yjpYH0o3Z;2727387199-1gDlltx71io9ov67ZmbS25j8Z3IWDRx2ULqlVUm;2PIv1ea1qMSoSmJbagFR4xmZWEDxsn6PxGyn5DmkQJNlp
https://betterdfw.com/;ptUYMVQm9mG5EifdPBe8A;2zVAcKOCzewg59lma8Co5ID8Shh4Z0sSLrNtwViv9ls;205426312-kCukNRabDsugepR78BMLH8SSgETCYCFXjp3EWJ3R;ZobKccLsDEFXiWVdr4SQ0mjB7wYfTpHZS4cWdZfSuA
http://afelectric.com.au/;TsCSsyxMOUT3kAyzkZdLdUfaL;WtLoXlyLmVOSFsuKdpTYJgLWbyFbD1ZPDrjKjKhSK3m68x8ZbS;2426700505-QYzTkDcddbUofEt4H7hk5fjt1yy0K4iUQJyyAvs;ztQKPiZ9GipPlYhnildKITtPUAsuiubAiFCsSpTGBhIrS
http://polskawielkiprojekt.pl/;55WA0dkF2YPnoKyvSmG6uSIKV;7jbOZzhzEObY3D4FTlfDfqsDSp5Iz8ZlhTjVzeCYOA4OQ5jFJV;537532761-pYShu3qGE52Udis7o42fDlLIVa5OEDEKAjU6wmMc;luyNTkoocS7PPKPRtHo6Q8nKOAJi3xi6HfBVK9U2YEY5o
https://www.semillacuerna.com/;zaM19EnBbUawXMOLIAp5iQ;qPMjSefrER6jB2zAuPt251ubQPjrjIvqt0OGDlYBEQ;119610748-PMiYkqJXM0kxNxc8aBLDuRnTUYPwSOfdbNpjHwJ2;0hn4DNUlvxQRhb2mXt44xGC7Xa6O8MRcyrPmyDjno
http://dogzonenyc.com/;xLMKDl8aeMFAoxLGtwmZcHdHB;RKcj4EksIfzQFkPYEX8cRwdi6iazzcYk2kwMSNoPcJ7vkekt6i;255371938-8pzzeq73B2wzF9tIqERGDfjxzDSPFgRtoJnvDNil;ekDzH9tVXdewO6EB9HfSHb8Mn5XEnwMpM6Rbei64nuTC4
http://www.kennedysfoodstore.com/;9bfIos2HBM1UbEaoaGkDA;jgE4MTCUwJWlP7nZrlgvgnvnKSqxH7xaaKMLUnptg;227279738-7wks3hgiDTxDSmVire9ccG5KuPFIfPY46vK33g34;
http://www.chicous.com/;dpAfkxCHWawyAdq69kj5w;NDoTwBFYi3ycNPfSOynFVDUuQmci35Z69xSQV1RubE;593147716-ix1VyyRyV1SegpDTJ6f0KwljV68y01Dy1mzj9bvF;Ii1Ku1GY79n2jh5TDwmGdJ8Dvp7LVE6htWatEMZcs
http://discoverwell-being.com/;;;;
http://thechazingroup.com/;;;;
http://drivinglessonsnottinghamelevate.com/;WYBqdOtaLMivrhWA98Ehdnkuf;PcviYgUxxVcB0dhNHWVklgUdN36YKC8khdxwddYlsMxAmyRBTV;37660367-TrJg2VaCTR27h8k0g5dqANWq0sBvqYxEA8PxswbMP;2NHr2pBFYhi6fiqZwZnDRENPpHcVoeiqAEzaTtSMjJvRi
http://greatriverfishing.com/;o1MLCxwNG3cEFLNoowu1zg;XQcnAW511a7TlD7UiOBLUWDL4O1hi0z37y55ZI;188939275-wLBloQ68JQt1DyvGPuyaesOGmiQTAHNSvhNXa0WF;wuimRYY6Pkx4UguV24GnxlZCKlc1erNStVjw3qM
http://eledendelamancha.com/;XBJJKYlG6GXD8nbPA8yb0strT;vKP7V8G1HulA7ap5rHLlgxsoEgAH35mi0KA1YR7xCtjhLbUPTs;2349818696-RFYY3IWelp6uhyCLD1EiL6k5TU6cvMhVjwjOTU4;s0rD1yAbMaPlhho0wx7RGwQgjjfXfAdO2RUIK6upeMx6J
http://wirnr.com/;MJHLFSDXtTdjw4gZgU3B4X4U2;X3AViCc7JaBPav72RcWlUFCa9feY20N8YcqnxmFgV5Y7TuMUZR;2850647111-lsbt5XfeW80a1rI8KtyqGqY61ns6FJA5B6vTvuG;xKA2ph7yEj9hKAeUG5YTciBbSQlrnqSx1Tji69AceSisj
http://cmstext.com/;LyGBLnlO30fZipm10dxavw;iSyZwwQUUvq9HmH2TrmaE8FysvuKrAVdDqWZVF3Swo;632941529-TFRwpMNS8jMPxr4LmRhpwnrkTearMVv5jr2U1zVK;UDCpWuT22tXmts2MwMHC6DDVJtTMWpeYSSIy8X8c6M
http://www.tessaarlen.com/;mleKNwYSPMLPiawGcLfJiw;kCqCxsm30kD5Hl9HsZvpKALIZpV6TIVg3VzboSZXhEU;895790166-fgNclph8AsvpYqMQlccu5BFkaLmsmOrHQ3lWoMO0;Mav9KUbvMX8qU3t1v9RcVIZDr9bCpEkj0m0oYhWMXVvcO
http://bmcolombiablog.co/;jg3srdmpoxd5Zt7Y9zYbeZg5m;W0INt34cBdDRc1ajBBQsKaSkKcA5vnJ49IgQEYlPOcpXIxVHVL;68865010-6re0WgUfDe9QE09pZkJDMNbvbWnWv4vLIxIQWMQXP;OM3gP4Buu6A5A45V9CPG3Jkmc8lcpHdWSIsP3xe1626Wd
http://www.restaurant1918.cat/;yPtsjZUGl1QFWNVrRlQ42yPgh;zxk0ZD7HMRGzTr4TIPar6kJVooCdZ7KjniXOT5GAX4gSsTEPkN;790831486882701312-8aopLSTzS18LPfTNGD46YO1J47mtp18;05vF05AbJ1pUp4G4G4zMBE6Vs6BsPW3rpUpmrbFXDPeYr
http://www.vitalitaetsrad.at/;en2j3Jvf7qKLVSXbLlgvR6Lhv;3r9EarX05eV9Mmyga8XRRuQmYI7kbkDvjGy0MbxnCjfmbFsQpf;4493838497-TFhVDrpYAUTmfTvJB7TmQuiyJ886MZruhIaDffH;ng7FW7YDAdCkAQlLvvBrmfD9QWR2grw9nLpAKM7AUqX7P
https://algarveweddingphotographer.com/;xfveXBFZoGaBWuDalN0DmAjNp;ZQBpXI3JSjXdvTZMfsh5qV1mqf4LgTsqtSETEd3aXWMxLlaPDB;2352130891-sufIe0Wyql75md4vj4L2jy5GabRKJ8okTQKGNN1;RbY31bZh8ZyXcGkiDBDmGPRZrrPqEVc38Rr0bhIHzVMXm
http://www.gordon.us.com/;ZJepx1KzSz7lxp5rLCbE6WPzk;Xq183vGIjXAaR92NZMlu4opQ0hwwygztsKMCTnb6VdZxVDEh1w;3131344811-Z7SnT9qQfibm7mgWJx3z6NP2bo6i3XjW1uOrC0r;PJrDvpg2u8EntGfcP7qWHTS6hh5jrWziTNxx84QZGZALg
http://phm-sa.org/;fE6eYrYB6YqxvbuXDVZQhg;mYvrh3ABuJsghQd4ATAvyZUQBPaxY0Bql7hK7oZkI;596343318-NBwUNjFsnYjRVuFqtOsN4GyCPpd5Uyqap6K5Vf1U;uWcjq8nX2s806BiCJdkOUU8E7lfcLzvA2Nlkz08oviABO
https://sgdiscos.com/;xixKzpHrLweZgd9nwQq5CQ;VhWfw0mJDubpvkF7PFz0wGruGwK5EMRiklzkFEYGk;258841573-LrVa8NdinDy81YAW6NFvJfMZKcZH2odljpHkiC5T;nLqcoxzFSEFKFmx1vXhBH4jbVTtPbqR1qbngylG9Wkh8E
http://scotkravmaga.co.uk/;;;;
http://dchain.com/;5CNfEQQ8dxr34txwdrgoqYMrl;bt7lUQQVrfT9ZsRS1hP2BVo0rOyBMrvzAMPshk8zIYWfPQBni1;58207655-61O8vfVvAxcPPDU88GHCnwZbW6YZnKxZR9o3eFKMj;vTB8HHeEomBAwZ46UbCFWKQcS3Yqt6C0XMpq3j452hjXt
http://www.perspectivalrealism.org/;uunsx62OzxUiWJaqkFnlJigQZ;ZUJsRjUBbn3oB8In0CdFoyjKHlZpGHWLoR8c71ud8cHb9gqXjc;704650175613165568-aualYwhzAstIDGzbeSp4zogupwqLbmi;47G2xuCRwDKCOhmDXHeWZGHxgtH1MtTnDlZs7jvXGsLbQ
http://jameshardiephotography.com/;xfveXBFZoGaBWuDalN0DmAjNp;ZQBpXI3JSjXdvTZMfsh5qV1mqf4LgTsqtSETEd3aXWMxLlaPDB;2352130891-sufIe0Wyql75md4vj4L2jy5GabRKJ8okTQKGNN1;RbY31bZh8ZyXcGkiDBDmGPRZrrPqEVc38Rr0bhIHzVMXm
http://novembregrosso.it/;n6ttb756AOkbWwMwz8Xa5w;06D4aylvmEEz7my3xiC0zRRYvpR4QRcfVumZkH24;261165414-mOvqCh2V82VTAmZDwiZlI7KLSHBJ2TnLsi7m1RGb;S7IXwiwhwzH0jmIZfq11vecSuSn40bACOvMPT7G7I
http://unioncaledonienne.com/;6X7gZaxlJGqnvBZ3M4WLg;LbMWpySdUPc7w2LL0YhEnziZF2f8zhYFd4eq3eDx7o;2275820977-Vz7eyAcIB6DVQvKVo18YlQrxgykTHCn6MzcQ0l4;2lSjLGM7Psyog2zrZwEdYtWJTAQXtJp9hYL59px75JG2t
http://feslighting.co.uk/;TsX7y1nOdZzlZ1pNzfSjOfh9w;6XOvFQcbrfpa8LKlZ0SBQNLjtRTJ2fkDV6OtCEzWFMsvRWo0Pp;348547376-9HPm4IgiyMI9vO29yyf9G4e3WkJbYoeXOVAwPTPY;w2SVBp4LN0hBumuO8dG7mj8MuQBhzmRNM2cMGjjjn8bPC
http://floridainstituteofperformance.com/;PrsF505QFR4MSHkbtMWrUJaya;GwROhs5G759HvFlX7pimtfIm1dT30zrDqDLcGOYkUe3r2mjNrD;38494706-hvbHt7GvFfqbxlMLYfL161I6Txtcr098J3zx4bBNs;tJ9qFEUBzaoFkcf6836QCJO2kmpq3t9FJXamOulsUCDKZ
http://www.concordetravel.ie/;soPBl53B6rw2LfjDhDCnpA;y6WkzIDir8o7fXL90hrK2QgU8wmBbNAQwcvqbE01A;113607854-JtZlsc9Kpw6fyUYEkgnNSWsPooVAanjzS8LXefjH;CTOCGkaleAPWQIAbJKKLhVuaHu2URJGqXLX834yrsE
http://www.e-notations.com/;sLeky1DKBRFdDx4SEq033g;pHw56ipXIvZr2T9WNLKD49W850PrygeVj3WJnmSl8U;38683276-JlTqzxancLoDLOIFsFVVunPzgvGTMxtmrqkpoW6QA;E40gbSZP5qq42uB94IrFnsDKQbcxYPO4kVz2Y7cXIISYI
https://www.pointofhopefoundation.org/;lRiOOnogyIa4EJql6lZYeuOsv;Y2l568ieQQK78DYAFgqaJVaeOhi6FT3EDALO7za9wwTe652Ma8;1870612663-6HoNCwmx8y8srwOBCd7i7yxfol53YgqGcZ9efz6;dE7qrXa45jNlDC6iQB4P82pVSEGkpgSgybjw6TG6HgHAT
http://pormpurpaanthu.com.au/;lfGzMW9VR0h8SpiiXaEHisH7B;kS0v9tbZVIMZVfCkQJOnPpg78ni7Zx2IKV4fjr7x03uSvR9rmb;2393590280-KNM3SKrqG1bYIvHLi83zdWVrHWo0xpmPNhGwLar;2jWn955M8t0bmOvVTegN28uQmuPPItZIho2Q6gGa63qgb
https://www.medicaldermagroup.com/;;;;
http://myrebellawyer.com/;LMAA8aG1Q22F8GMhVSJE5WQYG;6VTDJBeswBxPYEoINCZEMCMssOgevQxpfkWIiSof3EdYi51Tfy;328288650-J5mxZOCA9T4KVsf3DlSIDN0jjfx6HekuDvevzUi6;muns5bg5pKcSCsi1jCrJbv6bqZsHuDnSinUylXa57U6qQ
http://laundroxpress.com/;GpnLPGGHvv8FTZfix8mTQ;LCkjHglabGHDP7YifGYvsmWXNWwN9de5pz7I7xxvZk;1963259731-bsDEo3qo1Hh9jK2xRdUX0TKmerQt5wfeuiDhAzp;nOISQrQ4CIeFYDkYDOdgAQmWXUMD9jaAuIpVaGvRwgwD8
http://jamiethomasofficial.com/;jtkBocYdtuzr3A6kOAjmxw;6PqEua3yMUCrRtmtuPLyelyioDehuHN5oZMuHMAlK4;185508766-mAceyGfhCsVMEm4oi9XK6B5vY42pWMakogXrrA81;l8Cj4xeY14bLDrchKwHT4Dkk6q215iGa4uvg9CJwn7QtE
http://www.ryemed.com/;rkHYXh2e2MZbRad1JcUpi98aG;tCQAXGQbaemUiH5d7NIGpPSYGoFAihH19VuY5kL8G8ET3OJBIj;2205481706-PUiJYVEkNuNxHNmPK6y1FdxgR7zBFUiiJnSMgkz;d7aoOBU4jnRVsU2SdwLqdyNmJKzj8isGB4fg7hHieJA53
http://www.swisstekwatches.com/;lUElJxsLmCEAA8vOCsixQ;MOX8sXzP4LVgcC6oRdowE7GY8NUPUi8Ncksic1cYQJc;155833344-wrBLYg94b6ByXYlXSF75U3jrPjvt75Vwaa3raK4Y;H0dqXVXJBu87OMiroI4zy7K77dab5mAAwTDGDoNFNEDhQ
http://nataliemoore.net/;5qZAMpROaEVseSRg79TgSCzEA;j9MGgohkj9L30wOGvYf9tqdU0ppkkM4fEsQkkTVGD3YaArwc24;3258210039-7lVOchLI0trtNV6ROKe2iAyCrWaoKXzUnQWCROF;cXqXqJL58NN6bei0ErGP5Q2nwkuY1tpLN5CNlSSsgV3Xi
http://www.anglersforconservation.org/;Ese9LYnJylDbavkMLG9twcPCu;jLcGhZ7OH9sw7LpK3kvyXs3Y8sHy1j7yBMsZSSOX2ZqFqo2A4a;2281043394-0Tw9rGzPprtWqMBpCxY6do2tg1tSoyzBZBZkU8I;amxNUUa46qMKODyV6ZGCGDWy9zID8FjT8BZLIiDIRIM6l
http://tedxmontrealwomen.com/;9BzjsiH0ug5nvmi1ayGh93wvI;0fiTwr9NG2SPVohe1KFOg8dv2zPaIBoKU0Vm6jvzfumavM3K2Y;1848956928-T0TyKV5e9Ogscfp7fSa0S6RSx77v7bVhBOuo311;4fslZlK41O8Wbzz46YIyJ9K3AMm4O1Zpprb5km2Wpi5ZD
http://perfectpropertypurchases.com/;TE3WftKmIQ7WCIcaeqGMg;wKYZMhBka9ZUgra5VLlaTTtAWhYMcqTqtOhZqv7uBus;170781314-kacZRbLG5PpcW5sXhgtm6ToWBfeKa9HufI1wSsxy;sRj9rJBsp4X4IZpeKEnKh4iaDhLIGWJmHKr9XoUB8rVlb
http://aluminiosarmando.com/;jAAiA5pm5Hm9yvKbDRoNA;mlDM4JsLiCIH33qjv4pRTWCCbR3Ilc25JvXzEDZ2u3M;437014380-gnzjqPzi8v5EQLH4qdMXxcN9ljUz3Y82C7flx3me;SmnsiJf88ZFK67v5MJnExqdIZA8v4wUUULLmGAFxb4Q
http://seedmap.org/;bgcfRdmiyig4Mp5cBFmoYQ;WMqJGo7c5uRg4IIotKdgyIX9YYuqAuJb0pKhysZ4ATs;284027194-1BTpYAbmUuCGgYQHSabX8PRgwVMqcMtWKVPG3H2E;jh44nygZw2DhBuYf4Q8RGie1H7i6SGFPpI4IewU6AvI
http://www.aegeelaspalmas.org/;6DIJ2IKI94xWSEmDj0tMkWK9c;8lGd65AxgcFGgHbe5WjmIthVTJ7L0PrqTt2vaWmWurs6QRa0aw;157661808-5UKaSe9gCDMVb4Vn4Tuzfsamz4ltxwYbNvwJhCdB;T6TmHuhEyCpOOk0F9uhNOPuqO1emErntflkx0V8kIcjfp
http://vivainternationale.com/;vrFWYR1MdS1Gpb0v936I5I9EP;KMvsRXkpzJg309RUzZJTmfDQkbVb5l72ddNPClP1XIYCE1Cdvj;2420998028-AKvlRRKvy8FwR6P5UOdYOCopWlztXxqaxz5d2DZ;WrIfNU5jBLuAE4DFs8DVTYJAE1iuE109ZIOGbVRcLRCj3
http://accent-expert.com/;cnT4OLPpUGpgTGw3qmBBeQ;zJoWd983IraNufIjnbZcxsX2UCsImt5JOKhPrFyJo;2231333604-uP6cRusGcC5gbVwhIiEdZJ1zzKgl1IkYznaykEG;sb8srbPfncaMRLuPisH7tNfSc7RtyM68CSAuAny3hKSpQ
http://www.reciperecommendations.com/;HqTtpDlUjgGZAGgg3ACzg;ed2scpreNZ9Wcmdcd1P4zNffxI94LMHktJrQHqQ6vU;1252158852-xhqPpWCEBJUuel603i2yFjTh9K407SNePoa3Jy1;Rj30iBClttRsh4RwTjdmh1WMNuNb8dWhnQjBTvG8BqY
http://chasechin.com/;s572r2HpZrMDOn7Muw4LjQ;KBs8HMa4TSltL34FItAW6gC59WNoZSY8E0amEKiXo;1446733238-ENqGuoCCfRfgkRsjgnfHS1vQBxAV1BkWuqToNYy;yv6vKHL3iuCJJol8u2UirxfAv9KioPMRFRpiC04LSQ
http://www.rt-cd.com/;;;;
http://proedgeconsulting.ca/;SKjQapBILM1k2XvFc7JmQ;Dp0HBsV1ZlbXDt0vdeCMavogk8NFuYE4nWnpdJ8yRQc;423816127-jgrrz6APiyW7lfeY1f5Bmr4YKybq9IOyCy5IEpMO;UbsfnfF6IjU9gDLIhYTss65Uf7w8fXOez4W2Wurcwzg
https://treasurevalleycasino.com/;dSDowBnW4Io5XojgPVVoXCvgi;RDs8Y66BFyEFGhpmsqLULG6ysXLbVsF4j2qvGJDSTBoFff3PUM;141601913-ALwlEB77Ak28N03rNZvMFwPB9UOs14p3lb526wOO;5YJrVemK2kImPe6zSSqwVkgPaLOUA4bgpz6Qb9vWmKQFK
http://leagueofawesomeness.com/;5t3Y42IP1kqOluGrljug;T4W3AprZOW1iGR30YpwHAgixHeennX376MiE3ykeeec;302452694-VRoxYBFo7VNk7hGeR42Sox0tVQKkOwVOSGFnZdeI;VE1YEg19CfpsiO1b85LaUzLvkTjx5p109zENiRoAIiXXu
http://nor-com.com/;Gu1cGOSvA7ZNLu1wRFdKzGoK1;Q7FM8nIYfe4JMxaENZqdS7IxoGWOrK4rzPJvRWfaDSlEY9MZk6;69321071-gSjWQ6u3C8r6mwCiNvDr0nKa5sZlM2rrsMVQNR8Ye;kmIH1hAQACPp5oj2VdpLj1GuH4sebXTdnkM4JcBJk2hsR
http://www.gunyayincilik.com/;qiOFnp5pBT4CQVFEaZU2Q;EOKMbDGgR0CXQmzZBITEbjypNT10uUoSIovcq5tYs9M;614117959-XS5WAk8QIQiHBhReQhHSHnzMh7ohyjkLJD1vfD5m;YWhD7HJtZgnucGClDY8AhPIcoWABksIv33v9gl57xCbJD
http://www.martialartsevents.ca/;bQU7tdOumZlaygat9U51CA;CIDUGvGS7v8VnPrzNSYSLWcw5DzBD2fsRDQkuzZVYc;316307849-VOAOVmLRuQKtfSZ94GZ5ajXg3Rggj1hzi3bThFNm;FjEQF434Msb2GsJgxbNgcZ0LNkCxxDtMOBNOqHzTw
https://www.paimed.com/;RhkVqhmNeohgyJoO9AIOw;iTGxmb7BrB10AnAK1cnZYku3JsY0EonJ3mfh5ak61Ow;1379930330-MQhVQqRnBrkN30TGyAf17T5zZBUPg9rZP04Puds;yZGd5jVFOlvCWzgP85fuCBKpidoMGnwiuSJdy3rbtc
http://www.hora-practice.com/;QdJx42jqceczrEeQHMs1c9AJ0;FYKXdfVVyfcgOJyr7t7RUspzG32VGUXAmSDuAl1ZCjvnxrwYCW;2227175702-vx2NHHEUjLL5OEIhLEB3gtA1miypibkf22XRgHj;aUVhGRjntHdNmw6nLO7WRu4ieJsLvd1kfbEfHJe6hMExW
https://chisholmtrailcasino.com/;y7FibrULJ2ybbCIOJOlRIyUoA;u3rGMFyjJ996J6dGDrgWKN1oUkxIPZQoYaIYrDBzH10naIQ5cQ;213793809-wh4L3AoGLeyXAAA3gpR0I6Khy6tmJoHRubla3W4i;NiueIxySgJQ1z7dfeAXDFkSMcs7MZAyqRlGMzSMx4nuPR
http://www.starwarsarchives.com/;JhNa5kwSafh9Ks7YOBfExdENq;bsvSyCrUIne20H9aagTrnyDzic0wAn99EMSV3mrIBUuZnOFcP9;328631260-6NGH6BEoFibDEcPSMRB3bWiKSzGkIiahg9pnwCrB;tApYq6fNOo9IbSGyvgyzIRbWjAnHLaFqvt0RadF6RB9p6
http://redwood-holding.com/en/homepage/;ExvFH7Og0FdfPNXJbZC6h84Wv;82TfwZUGDOfWSccCA8vbPL5gUKirigWoGzCCvDznri1zB7wc5a;395192912-coEjPLl6fOOB14AJ880oamWCdfWV5FebCEcc7qdE;aWn3MRfxKGBC956oJvgw5UW4rLsXVf7oSH3JoeW6Nthsu
https://newcastlecasino.com/;y7FibrULJ2ybbCIOJOlRIyUoA;u3rGMFyjJ996J6dGDrgWKN1oUkxIPZQoYaIYrDBzH10naIQ5cQ;213793809-wh4L3AoGLeyXAAA3gpR0I6Khy6tmJoHRubla3W4i;NiueIxySgJQ1z7dfeAXDFkSMcs7MZAyqRlGMzSMx4nuPR
http://deverreenvers.com/;YWNcsUErvFS4H4nzA9Gl0g;tTTmk6CoBSSWq8iULu5kgq4Dqz3wx85QpLAJ7gAqQuk;1283889476-ujoAyJEQDqPUqDBxL44iALZyCSC3FGoYoQsx3Mg;NLJH7mYyJcEA48rzb7fPTLopYIGxIQW11WiApxEXik
http://www.hotshotservices.com/;ro1H1s0X1FkJHmumkN0A;hWPXAD0pGA7K8HMmFCYonqLmTiSoI2FZRWa35I7gkM;460346575-ip1IQ13I35pMVwJoc3MbA6ZD5r7DEI8FTtSef4ak;utfC7l2YkhWR5lrV9ZpmrsUOZYh61cuU1dxZ68xFtw
http://test.gallilani.com/;2McrziHt5b068J8BJuQFiQ;8TjvxIQ7zTh3P9zuWfGDlWe9j71vokHJRSZVOdR09XA;1222677187-rWwa46RCtI4ictEfxk4ui6kts4HdvRneN9LJSQz;NQ77fHtWYC9UvrPVz0gHB6DlAMbwnAjsiDfBshrM
http://www.democracymatters.org.uk/;q8BsmD9Urb8J0U8Dx1AQ;dqRGQ69wpRcugUCAZnkcAnKaxKuNHJ9KqgN0R6oB8;840478075-YpyWGtQG3UCfLIGcszfNwKhSq4px344gWqL8UbSa;IdpxEq7ZbZp9E5p0W6nvdaKqAd8TXgGaFXe5nZXNMs
http://nika-cantabile.com/;DxmRY1ZV8eMYeF7ude5vmhlxp;NiHzFFc4dlHpdJ6XCBlyn1kKGOOcpODfMArYvQq2JyzNYTRVpW;229075491-n3qQvQJrIREvHEosLZh3ZnBT4NzlFSPX9X0i1AZn;4iifEy7R7W9Fu5wwvDp6Pg6ZjcXIjMnh0DPmcJLx7ihdF
http://www.elmendo.com/;OAjzEeeA4zP40aHOvtEaxw;h44Xu1cee3hgZrcrDaDkrpyFbiYGOT6LguzGdyBS90;216246244-bx0xnyAvwYP0uuboXXxAWAdiOKYu2xYuENMEPwpY;6FoZKpkzMC7mZvhEvRDh5MFESa0oyMwOTDtl9I0tKW8
http://petermillerfishing.com/;YppQsaAfJPlsn0GqDGIdGw;1HBkI092b00WNtj2BxWAy2H02pd8pCtRdLPeLNs50;1435570489-GUqlpwX0soreNofxqnvZuOHB6UP6Zyt9XaIlEVi;A0SRVHY6nRA2AKVpb76qCCKy6Pid3W0AHgiDi45Npo
http://uniformdistributorsltd.com/;;;;
http://www.casababylonhostel.com/;OCsDtAbShZy4pJQ2569ueX2Jl;zSTBCpaeUwE7J8xjYY3F4A1Ub15OxQ6fbtjpiSASlcQdNo7AbW;2552771215-yjqHt5Pu9I6DajoYEuAAbjsP8rhpmwVAVVBPgqD;2o8MvlM6J6grTGFCg5NEKx7p1dU3EIaL5X2yK5ecN2HXt
http://campaignonthis.com/;vcWEr70ATbLsNWr40VJ5YbOlu;3zkNSqUKhE8gYHJubQyisdoO7tD3hDa3AYgjuX4xWImEjY1wdU;2962595974-kimPyyOIJrJVT0zhYuIdSmdwuN5FzVp0oZWkAdY;sPMzuxIm97NAYJeAlVhMswKi65w2NFdDN2MZliG2swHGW
http://tisan.es/;jOMU7blEuqilXP7or3ll1U3du;MnWQ3U0QnRz0xH86CkU8zdS8EvK998sTe9KgeRbXNEP07ei1Df;199582501-SdruUqRUsZ6qqmu1kaHGTcC5lWGbuRED7esJvX0k;DkSUqVUnQF5Bynlp4emkQDhgoRRoL3JBnfPcYPH135umx
http://www.kelluwen.cl/;r08n3xqdwyboW9Y2bcBl6YwcC;AlMnnzdhe9bnlUoSyxxmwM0QQ9RpsaAQS5cK0uaFEfWjhZ7eX2;129272538-nDPW5zSJFThtWbH14GYWstpdLyTBcTZByRd8uWAG;Xhktcrcxz7YM2u9jl7aBWIEomrjzkU8AuTaMmHsFW0
http://mastersmalava.com/;sCY3F4BnKnCPYcArjAo19lUK2;PA0BDQpEc4QHy5xUSiB8iYEMapcNBJINY8AB1dR7XfGwxnIgY0;3373493505-gN5qQyadSQo12ODCu2PlnlEFBzVmFroi4rE5mip;aGiqmsUPgawn9xWZRm7wODkQcC52oVoJ9UzDnp8qaNXuN
http://www.blackmilledwheels.com/;anlHQRisx9ZWHQ5tRcwmQw;CDaJhtezOwDonWoN9wojaeQAat7LO54pSqX6gPNN0Q;798962000-DwSTaatNEVwQjNbqHAeaYLGD2SWHrsNYdzI87tai;iyUwQayWPX8mpqQr0HyXzUhQOmKuLa3i5iWNQmWfS44
http://bellaflex.co/;;;;
http://epicchangeblog.org/;NRBKDUfG0D5Ved1NL9dXg;JpYejnn0POLAhawagAZk5NQIgcienTtI6FV2kVCeSzw;13744852-6wkHcSihvwEDLE7BOgWsQXzrr7USkALk7wFC1NeG9;SrxB1h5ywVBNxREc6NKo8H78rL5r0EWz4J6BwaZUIQ
http://www.highlandprintanddesign.co.uk/;XbXhDhZ0oYSYy41wVbpqM4Bpl;jABi3YG0YLySQC3DPzYtjThfrvjwZc9qMeNRpmE38RLIsSb8ff;2242928773-ZfGd4HeZL19foDzsGn3WdSfAYXycHGOmaVaOJ5N;wgit2UNZIdYRucvS5TncOzexyhNuOj7aySa8T4h16ecDS
https://olimedica.pl/en/;8wUUcCS2mdNTn1bFCB8HBtpdn;blFXT01iX8N6Fe0Oe0MXr58gupzJX1TJA9IE8wOHR400BZjWn9;876698260294991873-rObfj7aVBeeZbZK96y95Cd2gi3YD0QR;kF3KPXrxoGq6ZAxtfPpcPin1IdsjpLbBsL2bjFfAp5VtR
https://sasktrucking.com/;u2uhXc0Yp8jHKqrsgA3eUuUYG;IgJN5Sr6nnCPLTHMoUHQkJ3vTPMpxy402JNsWrKgKyuKy3AWmo;26508514-vvy6u03CsXgHiiqlXU67TBNGMY2A3iagFRZNopP4S;6hbYywuLCz3fqxtDYxWMGVGAtevhhH75mJYShSpFACRmT
http://juanpablonavarrete.com/;k1WFQsL9mUxytpO55ZDdSSS7K;phj39jiP9CO7o8LNIf17elBBjLEICFW2KLtOW6XGZzotaNIWfY;561464650-zud6APRQbaWXr7URRcSujfze5BebLcXqiAunDMxp;yCp54ksdJsh1LZbQ3Y7vle8jzXl0yBP5B6JhqSQEKs7K5
http://expressps.com/;3uJ2nkScgL223AoCvkVSgOK7V;ILH1u6DglhZptdCHpVIQADUCK5w7fx4QYfHUST05ZOiYDuoqLX;3029138439-p2PkjqUqp4NW4rl2mJAXXzRqCLLPJMvFDnad3Fu;9iwg9CeSKSaV85UK9novXy6g4badBAhwCWWWYGAQVNKZ5
http://www.lonewolfcpa.com/;g8d3KvYyl0d3ugzHh7Deg;P5tgBMJBolTPCoLfM1xvEzzqrY7G82rJa7NvK9swP8Q;456899614-PZy9PghJqM8UHdkxU87gP7HRsiueReOnzR5SCoVR;5E4fcvNBLPVYMYT81TIT2zR7B2N97AM9yPuqmCFn8
http://castlerockendodontics.com/;rs8KLTa7yL5jn1kA23U4A;62g9P7MFBWpWdZifhvLsfQpmyigZYEODpinY6uny4Mc;1544025606-nXubMhl6IRQWfNb1MOkP4zIBjMNBdzdna3cvJhv;B11Lsg4U9pG2kP91u33pKieodRv9NkChc5QaOVeFs
https://checkmateinc.com/;wKTOetNzmOmY0ECoqrNoQ;U1GO5NlTgWHz1Jfb9Puz500s6WOFo6VFngPOO2bLg;1455453368-FaBwo6bdI2e3bdG6LpYGalNuaJaURlnGBqMkj2N;mATla8l8Ygh3wFailVnDOfdlwO5fWVprOslUx6z0
http://myoffices.com/blue/;lPbFmTI39wTgYbNlSAnnA;9AmbrWlyPLcn1dXasx0ZRjfsjVWlRKXebfsHfpY;81013264-gLwXuGHY6vBpIdsRkOZKVTfBY4P8Aml00GoA8BzcA;QLHAOGo55jLhzS72vsaGbqcKiY21DRGb67BcX4UqwULC7
http://streamkat.com/;rvRC7jL7DsbfBtACtCjP3g;tvsXuBbqQxM66KBx25mUSAqjInRhoX7fdI3K3bkm4E;746424504-d5o2geyj7vom7c9syd57215RiyqgFPu5vNB0LRKp;tkrS3rJHDYiU24R8r1fVKXgftrwpFKRwC485J06v2No
http://www.carolinewoodward.co.uk/;tBxLoCgaJYAGYGxmsOrYpA;NI2Eg80eYbumBYfYZhatCYVUSvwCP72cMoLjcpoAs;114443080-PFyhve3rSn8QluzUZPytSfJFGxNCjPkmkqYfGQS5;FoIRReZ2SZpnfl09psmkcRe3eZyqKEZIlEdPrSTgO9WDN
http://www.pulcinelladubai.com/;Y1kHgSVXY7C5ibVZyf0SQQhWn;4RyvLjMZkMPxxT2rw0WHbXRRtktDsJDDAYlXeGPt9RiDChH11C;1946041142-z9co9PrzuYCgggprf4EzMkqvWNKWd88sK3ztEz8;3F2mMZKA307fRDcjs13agnPeRb0I8S2qvLcqzt8jMCTeB
https://www.wdprx.com/;gRvGvRv94tcH9DNZ1GZaZK2Xn;4DPu0VgsDnvzikblNM99qMppiq0kytkCivFSkJv7Kjm4hFINVV;786259230223249408-3o3PmrOmaW2cauFfD1YDpcTFGYnwiPr;g9BPzovArFMDjFcPV2WzR4Wd4r3daqzVN02teFNHgvW69
http://www.fundaciondb.org/;O3RsyburRDX2zIpd4zYHQ;IyiCvm2No18V3qLnlQfwb93xPHaSrXRo8Dv6w8h1wfQ;208108232-lWThLpI3dMnVgTFFlRrIR6l6im30Ufli95vjiOA2;RRObsvkvqkeRvcodtKsfnpwSbB5MGv3Jm5VjP6j0nINq3
http://www.cheaptravelhunter.com/;cYzKy9M62iokNsswP2EHQ;P4cMbU6jXkf9tLiESStjrTEYSlvC1kFKIIk0c4VyM;982303435-4EhRzvKvgsQ5QY2fvsgfLHRTM0tnlDGyzM950lVg;0w0jrZZjgKMnPvXX36QRBrrlYvCbA9M1faYk848TMKNXO
http://bwpkingston.com/;dZGpqtTs73U3cyENWRtzi06oJ;nVZqp4HZ1SZiOhE09n8Op1oPg0a78jCGt4tPfSXan2Hb1AhluS;705406990013624321-LlP21nH3vwvRBzNTSdymapXPOrfpYEQ;uhzDXhhN7Fb5aYhmG0Wer5pmMYdgU4CU1Sx3uEtQxqwAA
https://biglersports.com/;aK8jb88IHHJ9b0oKSJKoRQ;jzHccNLebHfFzAfsieSvxuF9Ur1975oeNDLD9BBK9w;296989806-iDgvRs5PD83GEzvAAIBZni2WgGRjWb5Cu6E6hwUK;1v1noWYtQBqeDBzQkylSGpKxYQFZGFkmT8n8DTJePOg
http://www.barkadaquartet.com/;DkqH20fHy2wO58uMD2CZXl4hD;sgCR6tYjq5D2yzF0ISfrZ75xTEGgCfA0gMlQCxQBB7uK8fD0OW;869011081-ew4qtKf7PPXR71ZGRQK14uY5gTL2s859VF0thuCy;BPuSAOGLQSu54vqMTjqpIfYpSvqfOvvtzS1cm8ra899Eu
http://www.doggerjogger.com/;eCD5J0PYtN0bZGKMcbvQ;fcgCkMCtAAIf8TTZxl9UHZS4GSAe38bENMkvKNUjVM;361217086-GRgCPazRzUzc4I4KRAAbf4swiEhafk5rqK3sE9V8;7toGhaUqMR1miHWB1A6ptFQWJ8Hf7e8zQ6CbrymDSKUG6
http://visitapartmentsforme.com/;doCtGPd9YnmQEsLKxL2Bg;OxF3ds8rGSFNgRMPPLJOpbY3aADcCNY56k7WkmTBIE;1475330468-r1A2zxSYdNexU2v0VyI9YWPH9xVawERLBquM13D;imsnC3AZmvYOrxTScYRbvGhEV3Vh4VYysFgo5FNuM
http://www.ionleap.com/;fdvzMoJYTPAO2uOqNBy6w;aiKWy7lJFafWc3GSGCPUCHBrFeD0yPrDVh0fLU;84500204-YkpdC9w0DcdW9uNRSwwlEpmekkdqt50e8NVgxKwBX;mEWqPrUxQMNa6F9IiYhKCxZ8YQhsmckZDwTVhNnGyV8ms
https://grbusinessbreakfast.org/;LRTEgaBMP4RBOEiQEd4yVQ;azV54ZmMIY1bKychhNYDObNH6sCjk7PncaYHm1ts75s;2249808098-4cJA8lhVSsu29DpmBewaoWRoE8kBvqoiduyt8GJ;TZjuAT1pJZPlHievl7mOhea3VpX4AZLCa8IKMKlPlHQXM
https://www.cainj.org/;gfXShBpgqyqzsFGm8eJHevBd7;o4e3XqUaMjvC0Esjp8tlq2TDb7EwYzNh82jp57Wq1LKulRqpe1;246799073-LeLGtVmXfP2Hu4h288vMI0vIP6ts2j4j2irBx89X;H9kQcywrVFZ8Q0ju2NvZXPvGe7o1j9xfrgpr3ltHs4mOX
http://www.filminvesting.net/;HcZHn9yfwALEK8WXt7OiIKxp4;RYeNLFFekLDaS71Yx4ETIM2z0eLqYqGQ4ynVPmqHT0AIcRl1WC;2515665536-CWb7gdO7pfm1bW16k9iHo9wZjTBwSjjve52AXan;E6xZNULb4iWaVCMUa4xqWyYtmbgm2T58nceLpZRM9QrqK
http://www.bestsmartplace.com/;dve8fyqmxKo8K64UZi3ag;QG14xVaBUw2VC5vryan6doFX7i59Gr9b6mmk4wCEw;560912635-8LwyVrQI26V2MIO3BLdQh3FKiyzCDl5LhGMG5umU;Z27AtDU2Pio69zHG7cfVKhR1AqFxcZfnCrqBVoJbZLE
http://www.ritfit.com/;x0a30qJX92xQP7jyqkaxig;0lQqCzH7NPW6EU8MwKuCzPNPbrqh89tPRTL0wlX3aMY;190310605-qwYbH8VdRSfV7p3AILWirD7vIBkDHl24NM3TVd3Z;3tbdPPz3i51pCIguhnvhqqOIqu4iCodzqcuErmgmY
http://cariled.org/;kQxQrc9BTt8DaQsK6yBgeQHUe;oypS7IdFRg4TtO9E0PvXaN1cVeXNbm9V6uPie30a6LgShEGJWB;2901942272-0NNWvuxLMMmUXH37D5eQGFQ9sIT83axeIOkzX7P;CcOAiheNszYIrGFm173ng3a5bdTDKTI1k4HP67AC05Ri1
https://www.rrstone.co.uk/;;;;
http://www.greenetreecare.com/;9nkw7eJuj6O1Cz1nUNsaDw;EYBunHZ2eLnWpZwfP1RKoKwUe5ppzLdfwVCL0asTxyM;1040446662-njEF5HzMJ5jpCafojfN01fobC5d30DYHSotiltI;b5VQLBqYgPNBj4aEDGmBLjsKiNwKP6FHBAj9jvsk
http://ottawahousehunters.com/;pae9jmf1Pt03bHFX23tWXA;48JOnXwKJvs1OXRZuufC5X7C1rElPSTvpwOdOighRE;247874530-sDtTQ3HQQEU2sT0qWBqkb7fPXpV9GRMt6W4tgGAU;WtxTvOueoM872kyxgOdNdCICAoQxD0pRfOHSwK4Xk
http://www.ricardocrooks.com/;SWK7kcm3XATC1z9Z0YLbQ;uun4v4FYBDDUIRVyx7Dc08UV7i8FXv02WtT606i0Q;809060089-Epzuauuee3Inx5gq3qFmvBop2fTmXnVPfhuxUr2a;ybaxNEqn90NB794XwMKL5pmkji0a2ffCZhwXinvc7hQ
http://www.movher.com/;WWwLdddmgeIOLfCKstclCY7wJ;LKmNXBObWFWK6bfWv2Lx1Qq7244lJR7UUXLPGb0tBFW5pPYjAZ;132515811-M7Ogd2QNy3kJCDjEwYlMxbvzaw6ajMVsuv2iMgar;V6GfTOGuZiGvWjakgavJbuXDuVHEyYzCoxXkSKnnMq849
https://www.vestahomes.com.au/;kMHwErZnemuhPzzSHMmFxxAxh;2q0xhSScV3A5nemrgVoJbQIFIaet9VfXBRPCfxpqEvgyNO72fY;1559148710-w58pLwOdZGiXojv8YM1TlFa432eV1erkJUDxFfl;Ew88JEagXhT7pkEVrJdatUDfsPO2QSVuia9jxAUQ64gW4
http://www.nodotactico.com/;YTHQSnGxijFwAy97NnnZMeSWQ;YMVITNkyCoEiKnmHEEfKY3K3DP3apvCLDTMnw8AC6XMd9q3sQ7;351080353-V8H1Fd5xweNm3rsGOL4GgwP9uoTYciBxditfrbxw;4VETW55TFWVfAWaX283plTQ2i3cgi9mljLZdzoyNV3z2B
http://lumelight.com.br/;KbdcAYeqepg2JKslhxsqLw;IxJChr6McHMLgDLRapCzAZFhSQDutqe4BVB2ahjLOlQ;472379415-mf0H8KIaeHy4wxUPZRrQ44GgxRDG7kTXbG7iR4qd;FoLwsnpEoYUE1zLjF8ss4uKRRE4pcMlZRfoESYOufqlq3
https://anonyvpn.net/;L59G8Ls1IVjeU87DazTByDBAz;6RmdfHxRH3Q1ttVk74XV3IJdAdT46FEYlD7zUIfO6h6f5hGrd0;2290244816-XWXbuKQG5j0RCbXVAQoNLeSTglK261jX2raZSkL;GltDzBX1rzzGNUNKbZJ3ucVpvc1yKWGQIcSOTXV6POngA
http://www.peterwindhofer.com/;H4bdq8k7ydrVTwr4WxpHDAHQB;Rdj5PBLwxRn8OvHujmVqEmF7Hd9I7KR1WMspTFax6X205A87zQ;312199524-t61arEywUB4e7Evgf4X3MuzEuZhLeVf7AMuujkJ2;AprkQ6DIVN8FbrFeuwr8MzBRrV2KGKh9wR0AeFQDhBqw7
http://steelcityndt.com/;aoxkeHJcrh8QyP4qc4VNnA;KarXL7mzsjvX0fTJZHTTAuO42QrC7GkZy8wfpqp9peU;498964863-hR6ykUDDv1K19urBLMVucWHt1a7eadPZJvqZHnIl;jkSfksMuV2V9LjeaVKFjPn0WJMIGyTUigha9CZnsYKA
http://www.regalserve.com/;1zSSTG6JgDNdaNrfA4xahg;gfTyeV72XUtTukgreHPio5i752jQP228HzURJjx8I;1398870824-86CjKbLR3cXr33pXiwqmVWzPfvpsxSSvkVoDcgI;f8D4qbsudVMpGIQBZbKIPqj5IGdjUzsmsITqkUN89rk
https://www.kidsafeuk.co.uk/;hJUip5HNniGLN5PD0Zkx9QssW;rLC1WSQoykeSUaYzZTII7ADHDouWlprFqY8EBxCWeDAEswHGm1;309064057-mUmA1fdCR4ba04dr41jDxz7PANgzgJ8MgRD5toKZ;r4Uskw2LlkUTWcF0vr79vJdqGLHURMEVwY2T02kCpOtsI
http://www.davidebaldi.it/;S0pGpMglWbKe6wtpjWzX9w;TL6zIZPHkRNM7a0RTcozVcL6fRLJsKlRxEYmyjhaQg;446530489-umW653g3PjGOfc70cQ2CWTR363npxbIK598qhRCU;yLwvhA8Dyw0RcNW8vc10fpI4drf4sWUscuvSPSuYB4
http://www.graciayelegancia.com/;vEIOrMiVvU8APAohDvr1aMMBB;PTkTX6ruRxc8TDFjpxt6JfruHeDMcvD2ah56zHuH431QEozZAZ;2484266568-Z3BVoTe0DaAUVdTBoVJ7Iwf3uYNnqSLOhm6oQOa;oGKQ1XtAZjfFYZQEcjP3yeGZzhITdeHgWN11nY8cdV4xr
http://lifeonterra.com/;VVeJxVmLWAvhfmeXPM9HQ;tks68A4XgX7beBXC2A41Dv2QgnMfaqe9sxAEytDBjA;249868629-BGiVqxX15CO0USvWsNsNg2GyEqJycvWJzQA5Xiwx;J6PdTe2bWSveJHzBmmfCuiNMVKrVNU48TiMa1PdoE
http://totalinteriors.ca/;uAT0HiYYDD3e43uu3Ym3cQ;cNlesEPMf90Px533YjcxElh9H3v3SlX04IwmfpQRs;116325175-VW053rE60RqeTEWYmfkc5DNhEtycXktgzQ9g22YP;dVNZHMhj8NAXzmkl4lVKnp2ZZNjdDyprU64kH6GE8
http://www.seorocketlauncher.com/;ncC8b6mP6Y78oeWTOF2q4jn4Q;L6pMZ293KCVY8jPFha5Oq1OX7NyjLeKh1R61rU9jBjlqj803R7;298002722-0lmtS3TCEWYWtcDX8b5N8nM9PZw8xkUtWudvw1BL;E5f7lRUrIQEeCvRqFtMotkiwj1g6Uix9VzlZ0oAtJZE1D
http://www.koffiewereld.nl/;ggmzaXhqLT8O2XLpVZ48w;5vupLFW2HVg5DWfHViWpRoIYq7oARKG6fRJBl7pQ;105879352-APjV6zZ4q9YoMT2vgIlHg5gUkx4nD0maNLW3Vu5t;kxCXHauyj45i6m03qM8yQNX7DMUNW1A9XGLldQGdRk
http://www.promo-nation.com/;wmB6MfnLqW62O081SVJBfAvwe;iev4UjORDeO1jtobivCJ5t7fdDrFjlt3UEdZ9gogSOyctmfvST;1534048172-3vqV4pvkZswQ6M50DZYddJdspNZUl9pw6Tt0l34;iULw7ZuH5z7iwBtde5uNLY4nG01B2sSo47c7C43p7fQBV
http://thewellbiblestudy.org/;q0k4zr6o8h5KFbudzzVzp15pW;lF53fWwHDoMIxKekzzobtTS6Qk9wR9suyUKsFcOZRzPx1xDTUN;4582904177-eSwbKajNn3S5DDUDrwnktpTSEl2Uy3lstunD4gl;Nn4gSptwxEeboaQP2jorCEKE4n42wBrSgHXMmWJ4lADcK
http://ahlalbayt4iedereen.nl/;VVjkXEpVDLf6J4hma3Aw;Gv5AaWyR7bTMT4GRIzUpjiHGvm1wPCQ29Ldx7bLvs;1018558250-9qDEQGOYRDPAeGAanKCdp9oqBEUq3HOXNqkpYL9;HndZSKMHZjuGjS2i3Tl98GaSWO3Bu6BzjTKSE8ds8
http://www.secuenciaxtrema.com/;R7CbUqs8G9dB4KceCKjN74Tvk;le6UsdvXGQBrfFDq4Dqio0QoMYwsZnpdnPKgmZGBvoFfFjZPLY;155552429-g3ELqdppw76zsY7iRI0zLVkio1sdpeAiSs7XQxka;9ZKt7XQ2ot44vOGdtHOPe8M0iGsL7z836oDxv8rfgPigL
http://clasiqueros.com.ar/;;;;
https://www.laestacioncentrocomercial.com/;vB63gGXZZrIbaYngnmg9MbKT0;xSvBVQ5DQ1YcmvJRGDBCRw7iVaFejgXGaOKsV3LoTPGXoYGPL1;2283869390-ltJPRh3hS5VP4eRFgyvQ8ixtrIk20QAsAuJHkNd;tyAWECKBwz9oIz4fE5qeRVmpsMtGQh7eYoWqi4QGDb1QX
http://www.sorstravel.com/;xQc1pLWO9Cgt0Jtcwi1KwSes4;inLNe1t6Sacl99Qz7ukS7VVArx1dGCtuVXFVvi473rZDsMQwUf;3234853681-LiLzdjbN8lonbCZ25kmtZyNScjQXd1VVZEET1R8;4PkM15JRvF0snJNoVb1t9ra0pdGMIBWZSNzI18CVFkWqE
http://nottinghamgolflessons.com/;KcAgZXhUlVdjrugkiuuzieH6Z;vxU6wLM5CS3VuQu6y0tQRFNp5iuFN5DOJz3qpws5LtBNC8dddG;2990034340-koBJ1cdG9d22dtFgLWAzRrmB3wRyMwJ3AWf7YOK;nI3GAHTaWinskduFUXiC26401ltywtMkxWImycn4Yurd2
http://www.genusworld.com/;EyCbxBplvJof7Krurvycj2IL5;O3p9AvxWeEAA24sLBNVoSwtkbp0NTGpTId8OzyBXoRW01mzOX8;3021439043-RGNBLMBu9wr1mvbLGike2JXoIt8nmIuObxSFIsg;WepT7iQsinpi59ozzJQR3peMv8wxLW9XK4z5DCTIC34qK
http://www.sergestrosberg.com/;uiVXx600hx7x8XxcMsd1frbph;SmT3jplnYdtfl3BfaoDtA7P4UOugrlih2ePt3MZNQI53sbSiCk;18466785-t4VTyYhkHo1P8Xszjm2Hh9LBJftQrPwxraf3MTGrN;VYVDgopkcgIxhpsSghJCfUqC9G5bIHaM8JL74A8wtkXnb
http://www.wheelinserts.com/;anlHQRisx9ZWHQ5tRcwmQw;CDaJhtezOwDonWoN9wojaeQAat7LO54pSqX6gPNN0Q;798962000-DwSTaatNEVwQjNbqHAeaYLGD2SWHrsNYdzI87tai;iyUwQayWPX8mpqQr0HyXzUhQOmKuLa3i5iWNQmWfS44
http://fsualphagam.com/;HLtzMUMaOO9yBZT7eKShZ9HWI;jsZyjNChUmdtNDNR7S0AwmwBwtL7OSFCW8EiCYHkUWRSeLIzKx;562335231-PlLUSVvPT2lf3ehNXSpVRM0rnR09NBlk1rDZjdfn;nqJP0RUoAmMTaZ4WUGhP8Esbta9c9xFoFKcB5cop6uFs0
http://www.imf1fan.com/;naRj1LmBJbk5va1cFT6lkexfv;Yd2q45DnfjLd41YuAcx3NZjphliLRnzq7WoS9SQASLarjvt84C;757923264589139968-0kWnhcAtAEB7iiJFCr10Q1AxKBWQqJA;RtaAG6kxbvrE7TRm9xo1H7pLaDtV4hYdcMchyXb2kO6hZ
http://www.maxlaudadio.com/;2PMUHw7LSLf6Fwd0p4CIg;arr1cbbeokeXaVvbucg4fw6w2zK2L71o2jobnJphoJs;2327439726-q7bko4Enymg7YUFaKXq0QJp1mDHSJSkihaxPg2B;sOqR9KWeTnLccZoQnqTP2RP7JcgLQPHEBOy1WIT2aZPCS
http://www.jareknphotography.com/;ZTN0o4PWeU2InX7C1UGMFD8xd;xfL5hpXjT6mRcQUJor3iZc9Xwo5p4wxoK5w5mM0twjdG96Mb8z;373857740-hIZs5YUgomtuX0h6KLJTY8q7KMNd49pxwIompX0R;9A4ZhmJ5JoHMDds1DRjbulyau3eRFLS2u70usKPpzPS68
https://blaircomm.us/;ZwoD6WltaoyMYpSYnEZQg;pFIKTNy60zbaMeBpxQHFqAWAv5Qnh2PE3maHIlv9lbM;34378752-gffPdiIAFKED296SdK3TCk7BXkvkAmxITSCOtWeaH;URIId0u36UB9mIPbhGFWixzCuvYhYQNw4Et1CQvGAn8Iq
http://www.wheel-packages.com/;anlHQRisx9ZWHQ5tRcwmQw;CDaJhtezOwDonWoN9wojaeQAat7LO54pSqX6gPNN0Q;798962000-DwSTaatNEVwQjNbqHAeaYLGD2SWHrsNYdzI87tai;iyUwQayWPX8mpqQr0HyXzUhQOmKuLa3i5iWNQmWfS44
http://qanderson.com/;6ibdmYZJroIQ0SxZPk5PA;8Wm357bfYP6soBQi6nMjHGNDxHi7a75CZEERwlJmjBs;1289045636-zYVUhtQ2WReRSA8kTfeSp9fvWa1SeJp0r3L7Ma9;r6pXIZkEZ1emtSPXmlSVhpjsFAXNlOV2NB3GxjdpeU
http://dominofronteras.com/;ablxllKY4cmRSHWLJN5gwg;wghzbDIeLisAmkgVKIMnOWwIPWRvnS0iExcPlZP1iQ;1154604876-OXytWoL7WI2QndT853b3VkHnSnn4CCKqeMlKZYl;FNH7ocSlQBv8Gvm8aDXL17xRmzIaeyiGkzNX20p8
http://www.securglass.com.mx/;16nqj8VoYSME9awmTWztfxEbz;vzb3OteVY5hg5sVId5EAI5uejaA9GyV2B9fE9P4APDRgrL1fBx;2260454204-x22aHRon1RTmEfpQCPYYancqnRK46aENev6Ebbi;Zc4o2e9LVl8iEjKzEt72t3K0TWQ7isIGtS3QcoM7VTSmZ
http://alaminvira.com/;BGFALikb78ZDYwNNalYXQ;fVUgRmLeFRSDJQFLQfy9htbvQ0HsDeG8gkudWhgkTM;42300348-wXrp3Jodp6cWQbbZWGI0wJLxSdOUkki1D9QQyfzpD;ri1hfi8vc8HaGTJiHWyqw6HDW6p6xbfMc40XmNjBMI
http://fiasports.com/;A7ch1LC7DCkGzfbEQZ9RQ;KZwOnYvxE7JHBmEmXTjyPIYdDFGHpImA5VeQEYzFU;1355675275-bjhkblRcqAKJQXqVRY69e3v1eMJ6kDfwuG8QqAX;4RYT9RwAMW3zJQabCTxVdTrJ0RKD1h2RzOSu1uC9zw
http://golfpunkmagazine.com/;dDtRDoBjj67q19mj16J0rNUAf;kR3orfyERmf6hVhxxzwCL5OWNsE99bZHrtOagTpzKkECJQ8Qgc;626406165-0dW6liAxHEJdd5xAMmVnDsjccerLyx06bD2fsHBm;72WHcL5szaWB55VmBPARYzB3ABNxD0djoh39cyiSXWu8Q
http://lexavebrew.com/;;;;
http://tropicsdesert.com/;exf1XSlOpPjPYCLVxf4guw;3SMAEfmFf14zK1EsP1F4MDKdHhDNI1swGRVbeqWs;1862765191-S72aZGFMZymXDVGXj2tQaLWUzyy5Y6Q94XTtjwo;daf9ZLAHSPtKB4PJmdAshddNP0k1OJHgX9sKYJm6SeMJu
http://www.servicemagicplumber.com/;;;;
http://ikugames.com/;aYavXz0FNNFtGtDmLGoP1LcAW;f9OjTyt26QX5gnCwvojREoaHP1eGUjzNWB0IIVAYOx1uolcFIm;407332671-nCg2eqlhtPYqwGtxkQuhcJ2ZeAQuVmtlB4BYQh9x;RZiLjNlBcGE82dRsRoVikyLL0a3NvypLTlba5S8j8uhsr
http://www.waxonwheels.com/;92blC9dCONdhYU4jsCDsWmTxr;Yf7wstta0x3UMuvN9kEL9tvL91K05FFGizW3N9slUgO0UJjdBj;2425376148-b8latEe342aAQKR5US1pbZWmyfURynYmP37JiWk;k4u370uywGAza2kVLBxTACe2WPbPLF4EaOaYvqyE3KjXO
http://deshawnshead.com/;;;;
http://iaqcolorado.com/;t4KXzlYQD9ujH819jkIjHA;bst5SvE2fLnejauGju1tvL354zWu9PGr9rQz7YrI;485923094-cZQ3fQVPe1n54c65IT5YyNjPyIzJxoXA5lK1cneb;xQoytYXbBuAKQSFEWN7Jhqq5sxbnPl2sha64WDHxTs
http://www.cosiness.com.tr/;7gLkNA7ABNjaPjQZVa1yKLLOm;Qm5N2WiolxSC0jmMSWtrESNkqAdNhJhTVyogiGj9a6Z6pgJlxP;;
https://trinityepiscopalchurch.com/;PAoGm0tnQTxr9kSiHw3OtIj8z;MVanRE9Z2xChe71gYiiIFcpeZ8H735a4EUx5JTzp5JYofm8BWd;763401753224151040-vqBPMaj8LIzhF97Jw3cM5QxPNl8XxWt;ch18H8r478LsSglUOMxlfToei1JIUcJkNanQWH6KZyJeX
http://dutch-passion.info/;;;;
http://thepinotaffair.com/;w5krOE8aIyZ5fyJhMmtb12b2K;H36Op4T628KdziT3q4bVNvZFVL5Qf3X3hAj9hGr4RaX26rGYJz;20695271-mbIg7DeYGBvVVwloqMGsYFsycspzy3EjsYXv3KW1Y;63h5I1Ihss8GfK6UY7nVn74PuKoxa6gHHD6fePADlqkCY
https://www.ikwilwatt.nl/;00s7dPsOHRqTfxWwzEnPvg;B229VGyQ0YGBdzS2u9St9jEyn4uAjZ4YTlVYVHdivg;89941730-CarJ5U9a08XwgT2vjPP1uvEFXsNjClHi9LEdjbjTt;Jdb4fTvtLGazEf14ChBgoaH9joSNF1t2FIRj9Pwy9Mg
http://www.personalendo.com/;HNX32kyHEswylV3z6pbhMg;mZUMl9zxKwNAeBQAAre0WDpGpD9JCTZ0RMrKSywQ;1735940324-KkQq7iDVG33ypY8vEKFZOizlDhNGSPJaoo6hBU4;bO24rC8AZxuBJYeEkrvd7XfaQL09aq2KZb6HMtvLQ
http://prosportspathways.com/;XQMJxAsxqWHdqZyNiYCpug;aec5cbZVpnSo1RW0dEgXvjrHkukbryZC5LwRvRWq0Vc;86877234-TAvG9gQ3N8QY4zqdFhHZXW00bwE2tPaKj6WoJ2gSX;y6WYAruHE4JnbWpfNjJeXarizBCqWr9vUTPvlMAk1aHan
http://www.radyok.com/;g5D969rtqQC4ZW0aa5ug2drXG;bXvM78XilR6rng9fsIXaBBvLPghyL9vX3FE9pe6zABErYtY8D1;288720179-ZcFs0MYUQK317aizG5EmQrQa8AoXmxds07oPFpH8;j63sy9e3vGjVjcT7UK4EimnnnTALfZYuPZpRtajiC0T0E
http://schiedamsdoen.nl/;E1odEYtHQGeG0iN6TARWCdIlZ;OEvv1BeBlfCFCkwrafiUjw94SEmyn3GnKVN3RQl5Xi91xw18p7;1943667391-8KXBqhPA9iZxfswZEIifLntyLnxV3529eYZclhB;LS5I0zrY9LVtmxCwBOCDqNlgBliXAAV7sFKchwUc5DeQG
http://www.texarkanaendo.com/;t7KgcO0NL8eWbZXN3dfFnQ;yVmsJEDF6eMHAcZ9L6noDPTrBps84C96KU8jlKn8;794257302-nEDn7JirD3Yw7uzMTvLIwYyUdHZFFTHId6ZmVB1F;5AyeZJBTtga98u58LzcxVfthkVtyXm1iyPRlQjnDwM4
http://sosyalbilgiler.com/;;;;
https://www.orpens.ie/;ojoWmZRod1GcDJ2QaVZv9w;cyyyIVMvDX24RjzsDYFMXc2srZC5x1783rha531cVk;102738773-Ps9mKirVtKkYIrDWHiYtKsqt6m0GNcnRZHa1yGsR;oBGRwSNScpp58vsjIGRzm8Eh5oLo0qerJJHTyDqaBzIW2
http://basketball-leistungszentrum.de/;IemhHqoAgqWNjeXvSi6Rp972D;qpjEOR4wpNLaHI2n9XMWUbqn63FLYSDNN0tkTSPBTjcwV4yHiz;346645270-Tu4e9D88LKpc56E6fWvVG2EBsQ7sBvv7ovhRy4i3;rIsEXjNVopx8AvL4MHehDOAEVFvrrcbwOQNlj7tdp7qV7
http://smiledentalnogales.com/;wS5OtqW5QPZKPiNd3GuAVCWrC;kS3q9f2JiMH5q6ySVCCD6JoKn9VMM8ADSRcZrkK9ZNSjkW7RCJ;594468353-yNIZBhExaNM5hO2oYm1qNSEFKKtSGgRVHBK5FAeb;5IzZL79M3C7PchFSz8eXKRE4lcghswQK7O33gelzmka1z
http://neonos.net/;GYeDLDOgHBjzl3dtz2wsb5kR3;aitGZ130md0wJypz5Xy7K47GQl2ByKy1yaSmGk3G4P1i7NRc5k;487411975-dLxa5tEsRn1Uro247lLdbBrf4FDuglQQzcmYia4O;ReiG7kmIksgnF1iPSrNKPn9Uzy8xLQrsejpIX6Xm1pN5l
http://www.rim-packages.com/;anlHQRisx9ZWHQ5tRcwmQw;CDaJhtezOwDonWoN9wojaeQAat7LO54pSqX6gPNN0Q;798962000-DwSTaatNEVwQjNbqHAeaYLGD2SWHrsNYdzI87tai;iyUwQayWPX8mpqQr0HyXzUhQOmKuLa3i5iWNQmWfS44
http://nnid.nl/;qmGbo0abqSz9zAYAJfvg;jq4mRcBT3g9D5xWRUGamMxk7qdM6W6XPhN7fWADHQ;1438459796-X0s3CgxaXnlzGPAghHkHb6EQlyyHkIdqr7l8WYt;7rHjyrpQPQGqL1KtUSJI1VMFOnNlhTJfbU5PxpEs
http://ryemedpanama.com/;rYAuKGEx3kPtBkczGk73UFOMv;z18Vlc87Va9PMpFKNQzJ3X2LeTBd030MKehR0xIcT3fiJLHsf3;702589148943818754-v6urhwHdKLHFYkQarXPhReZ0xrX4A3F;sfPlI5AR3raMkREuLn0noGa3OcLA8tKpGNc3yDCQUvPrN
http://mueblesbarragan.es/;1x4Uql20OFQzMUGfXXDlw;mfLGC0LxwVIXTpY0hz5gZoeKseQDDD3FhtdBGi4d70;199582501-mF8oAfyjluI7t17ZMd0TNDZwhyGAFmXWYA5yy4rP;NKh9MfRql3T8ApOM3iU6a2odUmj3QeyPFhAk7HemRfEKG
http://exerciseismedicine.org.za/;Yj6ze8tzPfBnsqbY05KdA;kQvMBsIDDDXSx9B67Of3HCdFiLPhdeX2zh63IyJZ27E;1261764972-S095zy3VdVuYZmP8ltX9321iWaDJODv0e0aICOf;7QHOqyIs4N5VoTmYyX4hUAOeGKysYyhYcRqpgdpuV00uN
http://crystalstarrblog.com/;iOdN6TUOteTBjFhbZ6oGKA;rwfNNEecGNblXbnP2DEQbcrYBe3dtlS2yxwypfkheI;42418912-Ce95qu6NyDlfTuv3uL3MA1G9CUV9juUX4E8Z7u2wk;M6omYaNBMm6Evcnrz9mZEYIT6zqkUHlmIlFwwlkqM
https://www.shahabzargari.net/;7aAIVMt2btTcj3Q7rK2rQ;Pz8gnOgba4w99rjf69VluPaWzBCezSBBeKQciMLc;1668278762-rppPcuGPsvvJBgcdhuwQwCZNnDEUsgdfaUQmUNU;d0rCYeVfSPGE2OT2KDF3gCJW6dF11nCgS74NoyzI
http://afelectrics.com.au/;TsCSsyxMOUT3kAyzkZdLdUfaL;WtLoXlyLmVOSFsuKdpTYJgLWbyFbD1ZPDrjKjKhSK3m68x8ZbS;2426700505-QYzTkDcddbUofEt4H7hk5fjt1yy0K4iUQJyyAvs;ztQKPiZ9GipPlYhnildKITtPUAsuiubAiFCsSpTGBhIrS
http://www.altahkeem.com/;H9fNS8f5jQmwZ7Ce5e7Z2c4Qb;TumhW6BDIe9eVR3RYZppch7FKjwgbF5XVN4QwVkWhBgCnRQuBc;65320612-xA10pugVQSwsF5q8ou9klWBtulccYzFb13BGNdozJ;Y8kuTnGKaZLl4OjppPAbaDM8QPEZlNMginxjdTQ6lFDL3
http://averagejoespubandgrill.com/;VyNYDEo8TGnIIfNC3JfgQMCgu;I8K7MAlA2lBzPRCyto73WakGdXUuACLt0URmijA6tr7OMglm8C;64446044-RPJmTNNm7szGGhZ5dLIXtDzmBOhcFNlZL2uxqUhR5;h04ck3FKSHmlLFTpo7FXz7rDU6odS4C6GtDPsocFSv8v2
https://www.formaudio.com/;0VF95QRIE4cyShY72SYyw;iD0K75erZ29N7hUFuElh4oI0OHVw2cErznasrul7F0;816980876-PgfopBEB3AGmi04biZARBnCXFgicTpJR5mOMweTW;9SHuuXdiNDLvB3vY1EUy26sbUfRCwrvnETNVGLav8g
http://craftdoor.com/;;;;
http://kahlerphoto.com/;;;;
http://www.airlitewindows.com/;I23B4f7qRdmN9Bnql82pVnDKM;xYasWq8kHN7V7nUhZihLinbgI4l8lk2Qgo3p1sXx7VDrCK11g7;2427390260-4Fg91yj02SdVnvEVNgDkXJyA1lmVrccMZzBMAt8;BiTDJ5xj532CEGojvxn5MWC28TaYL5kDKh0gNulWtMK7R
http://www.freedownloadwinzip.com/;ikjiVIVXO5feluiR8K2gMQ;UOaSHrbncgRJvbiDLni8W5o5vV2CcjgiyJhXRzqcGI;445335380-TvoFpobXVlHUImsW19vMzFeczFBuxIhJb9SMEvAf;fTO20M1vjDSyi0r2WPmOx11ek0W3GdTNIg7ugjInbM
https://www.shultslewis.org/;EELieMOiKFjpQ110zGDDZqUEM;ht8zVyaCHgMGchxKuABsuslDgFHzbt1Eq6mO8J7YRsTiLsjuEt;2755051628-7KpReuFjLTUivBnv7neiCeyq4NS2FhW3xAksjmJ;pLjkow1YbYD5ssY7Ihy2vIFbaZxgh8e5qTKgp16w3h8I7
http://vegasssy.com/;NPGDEIXXAneI8fv8oJYbjgi3D;J6vFfVUZJ1Dt2yOWL6TmrTeqxCNEyk2DYTSryqy9t69LXUhwUK;374160289-MeUgpSFKdZltK1Rl4cHG8xNJQTIoj5ZFvZ6L4Dp0;vxZpgsa2uB0szGdnZupRL1jTzo62HtfhFC5xupuN2nycn
http://eatmansinc.com/;drtHBu8XpRNZbgp8bfQeFw;g1kZdKW35gHyv1jEi1u7dHlgCOSmiu8Ch3ryr1eibm8;117130849-eyiMQ4UqjSyRd537Mkcs65KWY2GoyYvTdvcgr1J3;3B0AqHJm7Kcl2IKBd4pQnPbQP1ON9X10Uahqcr4P5jU
http://www.mc-webcontent.com/;LIGnqOVKjZFcYT0LK97Im2fcN;EfWjTbPJ58ZRqOehwlbHbzJECcltL56Db0WE9gty5V4wQU69Aw;751185517010624512-mGfetEVawZmMQwCmEdABzEblX3OEgrB;gS4fpM9NScfDkseBfuFByFWrYnyNmDCnEz5MxNCSMxVvP
http://www.machinedwheels.com/;anlHQRisx9ZWHQ5tRcwmQw;CDaJhtezOwDonWoN9wojaeQAat7LO54pSqX6gPNN0Q;798962000-DwSTaatNEVwQjNbqHAeaYLGD2SWHrsNYdzI87tai;iyUwQayWPX8mpqQr0HyXzUhQOmKuLa3i5iWNQmWfS44
http://www.sarnia-lambtonlistings.com/;nqMCLJOYs6S9McoMCUMwYvnj5;6Ihv9aFW30G8E5vmHwGrjq9zIyft8Vsd5eGcNhFCNau6u9QgXm;552783134-61dPXIQgnSUMCUWoZjaRlG9zIvgbiEatQetgjK6y;iACbl1uoSa24pVU7LMEGI4WyMFMRDJrzXRF9QLYWAbeAy
http://karendesoto.com/;wkZyH8dztO0BBEhr04GVmnDD4;9noHkNTTrjQXGREgeFo9JPPu6vO9DViFDDFoTR79g8g5rWFsTY;77259123-EvhunJMAxI2pPkdfwURJ5rgBUtZ3f8AcC1Vccn367;TPLfOsuzQKLMdqQQ2WFt55EdkmFotiFTw17XPwQRhONFt
http://theafterwife.com/;wDR7LwyAZOXgRuJZNCdbg;ePZQFfTX49k5EVnFOX8nQRqkX7tO3CxU9AB5lzrS4;;63QTbHfJsYzLMh1mNGrvwDKMIJstxtpw04u4pIKCo
http://businessdevelopmentconsultingcoachingnewyorknewjersey.com/;;;;
http://mlswis.org/;wNRhT0oQSr51OqqsjBmWuf4IK;A3ek5EVG39tYEe9M7DSLtmjS7qvuLC9DMhSpgRBHoj7cobFFbP;35765346-hvQW9f6fxkBb9DPrDc8RUFpTYZWj1fEtqfQVZ90h1;xl9ZaCmFEI7rqG369vQpL1P7A9nel1LkmrxkN56r3il8c
http://proecopeintres.com/en/;J8guXNny5G9gqkYDZVJ1SRl0k;dyq6JMAMatWS2tWujFBVnFrILybtO1KcBEfThuzpB2p6mjTou0;2463187874-auHIY7Op55XDHj2z63CAKd1FRKasUQo0KWBYwcf;MOQG2nExJoLgkAMqMGf0CRS83KCsYilaKUUe1pW9QqTLI
https://gbotech.com/;RwDV8YYcAXtLFyJac223A;zHxhOeYtvJdyFFuIfoMNmrlYh4chHHDMju5CtZZWI;121411946-386If2kVyRb8Q45aJ768Z5mXFrynVk8mBQheLd4d;RhMcKn301e54pegV02GJDbiqMirWeuCEllb0IYx5qEq0N
https://i4service.net/;;;;
https://cars4girls.com/;gmEiXcuWEfaH8C0rJ1pMg;yvvgdYIglPr3IXEcgvjS6pCWlbUK2SGnfn3nr7cO4M;1533331490-iTVIgHhrtJwbdUz1SkEtuuc4psWqkNhitr1utES;Zdl6UH9hmk1S0vOyiqF0gKDU0EkLgrG8cEa3y48xAGE
http://beachrecoveryfoundation.org/;;;;
http://www.quad-wheels.com/;anlHQRisx9ZWHQ5tRcwmQw;CDaJhtezOwDonWoN9wojaeQAat7LO54pSqX6gPNN0Q;798962000-DwSTaatNEVwQjNbqHAeaYLGD2SWHrsNYdzI87tai;iyUwQayWPX8mpqQr0HyXzUhQOmKuLa3i5iWNQmWfS44
http://www.agencevitry.com/;MTk93bN5hlyDJI8w5PewkWaRp;kAWMVUgXUSiKNUF1rHMqT9Uu1cbtn4hIN0pn87YBNRIJ9ljV3u;419018791-UYsYI05JBmsKmAEVmfy01GKgiTzzJlu4pg8sduiY;6XwqlyqNYvl4JV9WDGLoh1OMEIbL08bPCSf9gGE8vker8
http://www.city-college.co.uk/;;;;
http://envlogistics.com/;d8F8K47yW84hnVxs4tVrsA;bvBg9TwbObgP4EowTx0tKm3KNy8kAKjZk2WqpZpE;1347115770-oN3YyUAvoSqkDaHDwOZ0lPRiJLXgFEO5WgEmi3r;DnbjeX0DPEVrDM1Ugk2sCLWk78CtFP7k7fpO59Y2Y4
http://www.mummieplants.ie/;;;;
http://lawrencebland.net/;navznxCHP9afABbBIX2A6Q;ERy8MfTUgHCOcu2rioXpJrphuicdAbVj3a5HVLfvoQU;13337292-PszuhPJjEqPsmWscM0N4eTgr1GLHCkkVwwuUJfg9j;SFKP6f5m9VqHQMx4EGqgexGLsi3ti446tvUj16gpWBpC7
http://thegrandaustralianroadtrip.com/;oITg5ytztrCZgM9Ch3KAoQ;4Y5bSKftHM7wnJR5fwEWzzfZb7VIQKTGJFjZ7xyots;116383033-grC5jsGidarTiqvr3UL0rj4f1EAZWIuLh7p4fIQW;4TyyABVXW7UWHTXCktd38HtoH5Wr5WNMqjD3txCgZ8
http://totalwatchreviews.com/;fO25Isk4eWLAlkGySihADg;HNfJKgciPrNFnKqImal77g3tuOYhy6aY83uAzbk1GVk;1371383408-DByG4EPyvXrzWj84syIGdT2WLfn8VSORVNPghA8;QbKEGfGK0hnxaOCaPeR4Td7hDJFGLbM0QjAQcgnMsE
http://sosyalce.com/;j13oIlSHxN8B6M7oSyzuwK79l;h6HRNxoC4YiTMJySN3txvWSIcviDc3BrzHFg9yZiRL4rGlYput;757030233614716928-RFgGd85Z8Ub5qKJ1XqKXGUmUKGOEBXS;5XOE9WVWLGJuKIJzZAWrl1U5dUYMeD2GRfqW3kIwyoZQJ
http://www.almostafaegy.com/;;;;
https://www.arabuluculukmerkezi.com/;GZS4B8hPp7Rm1hNdITShkg8L1;Li0lU2rFqu4dQchhbXCLloWpMVVMUdRxPL6jSBKp6yjpYH0o3Z;2727387199-1gDlltx71io9ov67ZmbS25j8Z3IWDRx2ULqlVUm;2PIv1ea1qMSoSmJbagFR4xmZWEDxsn6PxGyn5DmkQJNlp
http://musicfrombelow.com/;MUFo3PEY82uoI5dtQO9DGA;LIpfBM7WduDlapnvCnmjczvzF2YyRLEwTmosZ51z8Oo;627762047-1y0dX6SHlRqoRBw3SEX5a4wFQoX4UUzPx2JCaFDX;TsiFciZJ5hnBV8sfucSD0kldnqu1dPMt07DOVDOTRiPbv
http://www.toyinadesola.com/;;mA1V6EjGgm2HOO7oiQEUpB0dRE4Bwt5ui9lkAsalE50A6LfeMM;;LvFAfWLLRp6ENmjXO2l03s3DlIoFBlvlyCy7dU75bfeFc
http://www.brittanyflyfishing.com/;jTAb9bXf6P9AjkDVKHthaotx0;5eYLq9nw3kWfl9cd0nvQ9kwHMWiKPFpdE2yOyT3enHKwOvCfzc;206172133-CJA95m21OgRG2COdDnXXf8hvshG9u5gl3NkAu03E;RPBbhCUvsjWIzVdwQGxkHYxGfQx85u3ZSnG7yCeuNxJYB
http://www.tomoconnell.com/;1bN1hYDcicTVUtJWS7XzKA;TnTO12AUHcKjeqnfbMOSgKbPgwhbxkXNS0M2UPkA4Y;245973076-UXjL4n2UzEAVtojZgEDxBfq3NaBsqbc0R5ubCc8V;HOYh1m0ZflrtGwReGBmnSLOS8VaJUD5aM7NLDQNAw
http://www.iandixon.com.au/;lWmVgVyvwVPbVLvYCYNb3g;zUeal2O72O8gYWVNjivhCyyHe4bkwTg75aDGWXQMNU;40194175-HmFOBGGf1cr2nHfP5qArdWth00KxNIOBDJ5WbIZTV;9zd3KiCpnYKMzKcMNIbV6YeMtaDa1IJebUyUCvqOtY
http://tbal.org/;4k14ggYD1lTeVhc1Iyo6R2rpT;hTeX40pHOajtYHWXQUGz4XROH2mqcHIwcirAlOTARBu9v9NzKp;888431191-aFAE1XtAmQFALScrb0t3eMv2Ki9ALdL65uQQq6Sv;B5rgxZ1uGhfqFXxNCP0enns0IVdiBsQ3bms4aUJULk6Ju
http://radikalpraise.com/;uqQDT18SPCwqR3YvZonvAw;aPwVHErfqok2SaUiZchS6Qv0zYXiKAG28lX9OUCN6bU;93756141-E9josz8TaXS2tHviTIwxSwklK2rniiKeaYnOw8dTY;jcQpjAfFiBuVYRkw3VquJJmQf6Sv3D8uKIF7UTZ8
http://msamentorship.com/;EPx9HJvPx6KSBXwGgc94wQ;8CRLQC3rHx9ifeGdBNc9XmpbjDz2q6JYr0bjqa6AhVc;1425169044-xet8CGUUqmmRe4PbiWTd9eNJliGDpBemBKhZJ1q;i5CgY6Zsp7yg8bSbOoTbQSvroyUEIPDvl6Jssgllyg
http://www.somosmultiples.es/blog/;QP7iQicsglzCc9Lot5prIBJcv;nd8vdSskgxWyT479fbmRUUS6B3QiSGJyWhUoT3iAOo7uWpsSoU;527926563-6Ax3WncqLPhlbxTdTKTQHHhV8Npm7XqP2zxXvzjp;Sshj4HSvmMhjh5hsig5nmQVQyTFqInjG9L0iwUswkpcBQ
http://www.riverbend.org/;HI3lZUFd9BNnvwPmyvpM8348H;tbAyzBNNAvBrXq0wS5CaAVTh3EiNoc2bMSCTJmKXAlaDpiNQ4B;23821012-dhhX3kwNAXKiWufOtf7GQg85fDmesS2r21IjSrZ4R;5o5sglTQdi3OzycFGBGJDJ54PZAozpIWLgPk6AYI8g0lH
http://www.formafoto.it/;JOPy8ypdus278e0QmWZ2pA;IH9exDX2HYnwArrHKB8refHE3proHlFMaCV7XBfw9E;118836823-MCZmpPENauGI7cgk2GZbNiyPa7yGSN0X4BLEvlTp;fqTWdrOH1N2g9kt3vDR0RZR7oIV8gchZ63fjmURRI
http://wiadcacarnival.org/;MchZhhaNVxNd5bPWi9wYoGKzI;luzi4SnhiTtltCVg7tXhWhETulh9aSrdpU1ScnxGxIUziAlCBY;171292302-Ch7xS4ce4u2jCNWxjuU6jjkFgh53OkzKu5c8QpZn;1dA5dvdFfKlFcFNRc9dNS3sZwIKACBA5X01WlZcL691Sn
https://www.globalnet.com.tr/;wqifT1O1yghdxZCFWFHJxnmK8;NsfaPkejpO6R8veaDuOKaXanHtUXuaA8lFrQEXhuuShANqkmVX;56321553-j1GHPX6dc52zDPUABjzxwUVQSqL3y4WGmaTAdxsp3;YqNpGz2s7GXfqO9Cwq7MYx26xERlInEIcQr797bKaa3x0
https://www.bluewaterropes.com/;56IfmmHlEd86HrZ3lWFFA;C3RpbcPzOJcDZFdhQ4HsflQMqsxMzWgL7XFMD0zcI;25120730-77f2hGFqzer1CNkCBHEQefOOk9dNatqxXSDl0JI7p;lqsGdE6b8uvIFsXVNy1rWEdaSsoUw5UsMbqe1esOYfJYx
http://www.springfieldy.org/;6DMr1wdMfP3BjkkbuUmpwVFzB;s88q9TbXHWgjN55qI4vRe3264f1GYKSU83vZ71KMipyQNu5KcF;518853604-doXvUG93VLVJMXfYHNr9mgsuLo2pIcgZBCutPRie;YmBOWck0eZ3tEADO5tZ8a3uOcY5QxfsBTI21f05Tf8eZf
http://www.rimsid.com/;anlHQRisx9ZWHQ5tRcwmQw;CDaJhtezOwDonWoN9wojaeQAat7LO54pSqX6gPNN0Q;798962000-DwSTaatNEVwQjNbqHAeaYLGD2SWHrsNYdzI87tai;iyUwQayWPX8mpqQr0HyXzUhQOmKuLa3i5iWNQmWfS44
http://www.leighannetuohy.com/;AtFW1Bk7Ao0Wy2cGEUQamQ;9sWHESY0sREzeFtadZ1E8CosO5hxnWxevqYGyxquNc;192022295-wYhQasc9oypho8QzhFf8xFC8kQi6C7RG8Ufv6EUH;1ZNNqmjc0zF0w8v22FfSElEn9Z7gCsLVHt6zN8u94
https://www.go-parking.com/;cr0YJXIbbd1rpTnluD65Ww;Z34mv7S3574nZVbw7RYZpAUhYaGUn4flPqQHmef8c;404374243-LvcLngw9oYbGXa83qFhidPXx4k1BXYKnhoQAChua;Ryn41ltLjcda2zVBDrj3kJtCrxJx28eIhuNLyGM4
https://www.attorneyscertified.com/;t4MZ5JN48wuDG6k23KbXOw;JTB3UnKyvEGxXYPDK1NCXnemSQNorm9oZhchHTeQ0o;342962665-brLbdz3F4wpy7LLdfxKWta92DAZEc88CdYnA5ZVn;btfndz5Cb2erHfMeaX9JqoI9lQKberqNlJPt2MyAs
http://www.africanamericangolfersdigest.com/;TroZ9LN1enhNOgRqNE3Dn6WFc;sLqsfMwLh0iYz9XBPfT7yB30PeiQ7QjoRxtmbP42kZH7IQxB9h;22273298-SF84sRkgh61cMcOJHOCWWb4ZvdUcTlT6LsAakJ22J;PYZHRShJlt0e5mGfXAgvC1F52rTgRuGMGxvcs4QCqtj4Y
http://www.averagejoespub.com/;VyNYDEo8TGnIIfNC3JfgQMCgu;I8K7MAlA2lBzPRCyto73WakGdXUuACLt0URmijA6tr7OMglm8C;64446044-RPJmTNNm7szGGhZ5dLIXtDzmBOhcFNlZL2uxqUhR5;h04ck3FKSHmlLFTpo7FXz7rDU6odS4C6GtDPsocFSv8v2
http://todayinbritishhistory.com/;HSAfp2bOuaQ6gmFTUZxCQ;5VhKb5usEUMbB0b7yZObiHilsbYt1Pxhsd6QFauI;1420931905-PfyMN61fJwKNMgPeWMTH3sg3vkvbM3HsVJ4yhTE;uwtVTPysexlGUNYx25TkKKO1WcgYjfMZuTarUFbsSCnZU
http://www.j-e.com/;zxr0QpsMBINf04mcJgI9etPhQ;dfAwL6qFUzfj7OJwFCTPnrbfQcQtvRANkp2lwTulBB1ZSP3FTp;21660313-kNJqLyEf17lU9vzxLv0lU5LFGe250LNPBilqconp2;mE34ZVkpNOrBGUElT0aMtaMWsZbE6LwUMFipixblbKqW2
https://greene.org/;aHE0vfadoJPXDxwBRfCWEq7BC;1eo2oWlPNEk2CEUZLgezeC58jCerH1EBXUVAAvv4NbAxyeGJfg;18697043-5vFbAdaDGbYxP754n1Q4V2w77kp07YB1l7Q5QsFO9;QMXeknblLtQLTSYEaxd8vHC0tmr6IIEJSFlgYYwNn2Ve0
http://djtruck.com/;lHOJAO1gJ5B9LAxDqjXQnrmVJ;EzcqeVFUcMRRVwypMDyhhAS1jRWpMHicrnOlrTtWY9R2v7NQy0;1370794891-8UR2plLNzGEB1XMsCPw4DBkgpnF4OZ4wvLFwxlb;bYPuka2XJOlLh08mNh4vL0J5jl0srjpdxp0lPKBZfqdoT
http://www.ymywha.com/;aI09cEjTFExrJYEF1YPkMg;M2VUbeUfIG8ZXfSsrYdafXT7dZh76yPhrORrkLg297Y;26140642-McS2Ts3IlvgnH5CBOFRAV9593XEVCK7YIEDp0Pt8J;2ooHTrcqfF3i1klXfq3aikXFQcCceTYLvtxuZ6HIKKk
http://europeanmusicday.gr/;1u4r5qA4Y9RQpey6jxYA3941S;UnACWSuE9fwhCfkPNuzmHY0cNmdhQeKZHhYmJgyMH5E8VwntnA;1343935256-TYmb8CW2gP100MY8yw02O2nRELBQgrEHGAGvGM0;VbqJnJd1U9J7H5CVs3Df367NFYxH0UlYvpN1Y65KPu49b
http://cda.gov.bd/;ESTq33UlXfHBDmmDDkxqIbCuf;5NL0WQUHzZ9pHc7MMEwU5MZEuIoteUy6275AO6BhpzkcQj3Kpe;3463742474-s0WpHM7lv4SdtKQJuD4VSYqpQFmeeZWjjuBL7HO;NJP7rrKrzPiFuSmYublHrWZ2OJavtgr2K0AcdZzcJx74D
http://enclaveformacion.es/;cbTQUIfHtsRayPK7FiSlw;nOytJjltpHWTqS35lD56NyVzOiDMPoFebPvgabJMPA;1341651870-VUhIl787kVVJlYxMRh82Ohd7l8N8Xusf9EqIGlG;C99WOWxMBOkKfwb59m5rfeabzFKOcX4qGC5vQ9lLTM
http://www.factorycentercaps.net/;anlHQRisx9ZWHQ5tRcwmQw;CDaJhtezOwDonWoN9wojaeQAat7LO54pSqX6gPNN0Q;798962000-DwSTaatNEVwQjNbqHAeaYLGD2SWHrsNYdzI87tai;iyUwQayWPX8mpqQr0HyXzUhQOmKuLa3i5iWNQmWfS44
http://www.igrohelp.ru/;;;;
http://gro-europe.com/;UKSLGeyiuA7MNr9vjQvg;yiTCTuAKmLa5tF8nDTgOFOXzY9L5qe0fli3Gi0y4Y;404026715-vLwBW7ksRPMTJoOYKTlBzKbbvUisurWjE7AjFXKT;4inySS6ecZaUq8rNxLzG5m2I4TVU1yRbKu0IR8Kb9ww
http://www.wjwl.org/;3H9j9fPjtpLlVFSgl7OFPQ;42q5qaSNM6lJamb8LNOolbcO9wsYwp55e6g6iw0;2379551514-HYG9by0i2TqzmUCMgddOU1BWipsmOyWsKkP1d0R;KnSILD8J3C95iBrf7FvSILpOUmkP3AcnwrEtdhYG8DYa5
https://carsoundsystems.com.au/;0VF95QRIE4cyShY72SYyw;iD0K75erZ29N7hUFuElh4oI0OHVw2cErznasrul7F0;816980876-PgfopBEB3AGmi04biZARBnCXFgicTpJR5mOMweTW;9SHuuXdiNDLvB3vY1EUy26sbUfRCwrvnETNVGLav8g
http://holland-ballon.nl/;00s7dPsOHRqTfxWwzEnPvg;B229VGyQ0YGBdzS2u9St9jEyn4uAjZ4YTlVYVHdivg;89941730-CarJ5U9a08XwgT2vjPP1uvEFXsNjClHi9LEdjbjTt;Jdb4fTvtLGazEf14ChBgoaH9joSNF1t2FIRj9Pwy9Mg
http://muckrosshockeyclub.com/;45IJwweEWMuoKl6H9z5ACKI7R;YOwJLYo255haii0wjptUHTxz0QoIzJZLJxjj0VZxxxbiRRBeh4;290461881-i7BkhxN4j1uu6z3qXrOy5PQh9cD3HNCuj06yjVkD;kh85quBbZC4nvwTvpHuTzYrfaNZEQPpES4fjVMce6Oxhy
http://justandfair.com/;GZS4B8hPp7Rm1hNdITShkg8L1;Li0lU2rFqu4dQchhbXCLloWpMVVMUdRxPL6jSBKp6yjpYH0o3Z;2727387199-1gDlltx71io9ov67ZmbS25j8Z3IWDRx2ULqlVUm;2PIv1ea1qMSoSmJbagFR4xmZWEDxsn6PxGyn5DmkQJNlp
http://cheapehotel.com/;cYzKy9M62iokNsswP2EHQ;P4cMbU6jXkf9tLiESStjrTEYSlvC1kFKIIk0c4VyM;982303435-4EhRzvKvgsQ5QY2fvsgfLHRTM0tnlDGyzM950lVg;0w0jrZZjgKMnPvXX36QRBrrlYvCbA9M1faYk848TMKNXO
http://mimilarabeauty.com/;3e3X5ORI5jkWESIC3oshObdQQ;8GW8y4B65oNYkROYsgnq6V1BcbkW7MXY7Du0hkxztB9ZKapLza;713597186-hT2I5HrNKqHpy6Mnz8rumrHsLUtrT5KZM2lnG9wR;OSmya0GKMWPZ34a8q8A96RkpHxXsCRLGNamFTxGem9cSa
https://www.planningbranch.com/;opTaMLgHi7l4rb4e2lSYxD6Ig;7cK9ckBV3ZxeiHMLxj2KET60xq1rswDZO6233yrGaWWp6RZt8R;2307041835-oMunLpwnPMjI6vGnz4d9XJQExX7DGXUtPAd8Mhw;4Ppp98ZDRiXhXJbG0O9MnqFVVCgGllysqGfdwABSbO77t
http://www.wildfiretattoos.com/;;;;
http://colingregor.com/;CocYkgawgZiiId6NE15tElsE4;YlDahlLhLmiDk21PJz8qvtB7NI68WjnynnqMEzY3rerX6xsmme;1042645242-aTep5XVchRjpMV0SzbCT33FM97mb3yavPidwtyQ;m2z2sqRE5e0bX1Vv2xm913pxmxGTTfgQncwpCQZWXHm4g
http://www.yourstorybag.com/;6080QcnqtIKitnDf55U69nEi5;Z9ugQ0QpdjPDr04TCvdOPh3KBRfSBaz7j3fVjRjTbcTyVdMqtC;2616904609-uhFw57khtPGHigNJS5pVD1DB2iPdih5o0MSav25;45XSmlxYKm7IfGJREO4cUofQxzauvHIMe0xKRZ40qZorR
http://www.dually-wheels.com/;anlHQRisx9ZWHQ5tRcwmQw;CDaJhtezOwDonWoN9wojaeQAat7LO54pSqX6gPNN0Q;798962000-DwSTaatNEVwQjNbqHAeaYLGD2SWHrsNYdzI87tai;iyUwQayWPX8mpqQr0HyXzUhQOmKuLa3i5iWNQmWfS44
http://hollandballon.nl/;00s7dPsOHRqTfxWwzEnPvg;B229VGyQ0YGBdzS2u9St9jEyn4uAjZ4YTlVYVHdivg;89941730-CarJ5U9a08XwgT2vjPP1uvEFXsNjClHi9LEdjbjTt;Jdb4fTvtLGazEf14ChBgoaH9joSNF1t2FIRj9Pwy9Mg
http://www.frecuenciau.com/;Td7pdDMggdEnFK5eHL400XOyv;okgwq0r6zCi11TUyYx1uILW47sqJ5WqFxXghgbQx663EEfzgFf;358401286-DXDuZjaixpkE2q5DT4RcpY3AHEzyEVxx5ZPv8kTJ;LmNjej6SdNi6efgxqK58ffOB80dZwschhuMNStQbGEUvL
http://www.homeelevatorsdirect.net/;BVtJGgFReFVZz9kdNvCkA;v30EZipnaLIx15Mai7tPu0xcegR5jjlAEh9JZ5228c;1498372844-bZBWB2cB7NB2zGQxgbLUZJVURUrEHfbHgrBi4Yu;4gwchhh2POGc8MtwpcVxDH5JBHJQ7vzi6pF4cGqHAqQ
http://www.offroadtruckwheels.com/;anlHQRisx9ZWHQ5tRcwmQw;CDaJhtezOwDonWoN9wojaeQAat7LO54pSqX6gPNN0Q;798962000-DwSTaatNEVwQjNbqHAeaYLGD2SWHrsNYdzI87tai;iyUwQayWPX8mpqQr0HyXzUhQOmKuLa3i5iWNQmWfS44
http://www.pvdchromepackages.com/;anlHQRisx9ZWHQ5tRcwmQw;CDaJhtezOwDonWoN9wojaeQAat7LO54pSqX6gPNN0Q;798962000-DwSTaatNEVwQjNbqHAeaYLGD2SWHrsNYdzI87tai;iyUwQayWPX8mpqQr0HyXzUhQOmKuLa3i5iWNQmWfS44
http://tuesdaymorningfilm.com/;bHUz2s0Wx55lu2vdZhKGSz6Dz;zTTQbXEjW1wGoK0bhy86BFRgspMAJ94TGIA4Swc11lxx7YFIbl;18210145-48Ly4AaV5VgozyxRCdzejj2zEM7sPCRCrUpPAoS0G;XkYkrGOV6fW8Ix3gxSBFy68f9rrwcPHACDWwmmAh4LBL3
http://www.wheel-financing.com/;anlHQRisx9ZWHQ5tRcwmQw;CDaJhtezOwDonWoN9wojaeQAat7LO54pSqX6gPNN0Q;798962000-DwSTaatNEVwQjNbqHAeaYLGD2SWHrsNYdzI87tai;iyUwQayWPX8mpqQr0HyXzUhQOmKuLa3i5iWNQmWfS44
http://greatsouthafricanbakeoff.com/;ttzTxlRSNFcDzmOGtcEtq4QIp;htzRmqm47Mk2HP2QGtuP5s84k8ovLx7ApTsrTHk4AHaopgR2jS;57030821-F8hHejXodpFnSJV6CkolU2ogO1xIM1kamSf1vkdWj;98hJPpMDS5MjcPcXKyiMvh6A1VXmMyEINvXkMd82aTTbw
http://fighttrafficking.org/;jdvSS7lBQYaJfbCj92QyofNTU;zg8oyh4aH4niZZFbvsiUrVOdIGCBsbNft5bKvzA1oRcXYl3FPC;105156811-LMsh4dHdbbpp3Nt4trwyrumzz4EHFQGWwXF4qRGL;7C7NWtedW2td2iakBpheXNEDxQ1JbubKj9ATUJIdBdMCU
http://kabaney.org/;;;;
http://tkomwm.com/;IXVURgvJ9rOzQUQ9yTpmQ;XnZfgr9w5Hj3zGT8PwS5U4skAqkiMSiQTsey9DcuU;76975907-3LTUrremyEA43K0FvVcp51XCAGWyAqk3yHqHGwa4X;EUQrJGVqofreSfgIdQIkhdFofGLpRxWqenlh2eYttoSZw
http://www.offroadblackwheels.com/;anlHQRisx9ZWHQ5tRcwmQw;CDaJhtezOwDonWoN9wojaeQAat7LO54pSqX6gPNN0Q;798962000-DwSTaatNEVwQjNbqHAeaYLGD2SWHrsNYdzI87tai;iyUwQayWPX8mpqQr0HyXzUhQOmKuLa3i5iWNQmWfS44
http://www.downtowndenverprocessservers.com/;wKTOetNzmOmY0ECoqrNoQ;U1GO5NlTgWHz1Jfb9Puz500s6WOFo6VFngPOO2bLg;1455453368-FaBwo6bdI2e3bdG6LpYGalNuaJaURlnGBqMkj2N;mATla8l8Ygh3wFailVnDOfdlwO5fWVprOslUx6z0
http://foovfitness.com/;fn5Bjnk0Pa0w28o8dad1Q;mXKn4at3CGKr104Xkg539IgIz9CZVwltVwQsWJHjc;1640749196-r4KbzqasX0iNXUhkTQm3bjmw31uFnQ6NaIXuQU3;tIVapBMtj4UM8CvtKzyg7CJy7mwh6IF5qW18p4Kc
http://laosamericantv.com/sabaidee-america/;;;;
http://keepclimbing.org/;szmtBwfBr9QxJux2lH5VsQ;b1ZuOQCRl8fvyXYDNHs41GZCaiJmgMB0KAqmn6c;1631920687-0HuDUTPcE4Q6dT6bCEDVupEICKcFpRAXGd2JIUV;bxWcuGincSEiAQeA5ODj23KMcv8CxUH0qbr0EerY24scI
http://www.blackmachinedfacewheels.com/;anlHQRisx9ZWHQ5tRcwmQw;CDaJhtezOwDonWoN9wojaeQAat7LO54pSqX6gPNN0Q;798962000-DwSTaatNEVwQjNbqHAeaYLGD2SWHrsNYdzI87tai;iyUwQayWPX8mpqQr0HyXzUhQOmKuLa3i5iWNQmWfS44
https://formaudio.com.au/;0VF95QRIE4cyShY72SYyw;iD0K75erZ29N7hUFuElh4oI0OHVw2cErznasrul7F0;816980876-PgfopBEB3AGmi04biZARBnCXFgicTpJR5mOMweTW;9SHuuXdiNDLvB3vY1EUy26sbUfRCwrvnETNVGLav8g
http://www.vtec-wheels.com/;anlHQRisx9ZWHQ5tRcwmQw;CDaJhtezOwDonWoN9wojaeQAat7LO54pSqX6gPNN0Q;798962000-DwSTaatNEVwQjNbqHAeaYLGD2SWHrsNYdzI87tai;iyUwQayWPX8mpqQr0HyXzUhQOmKuLa3i5iWNQmWfS44
http://www.chromecheapwheels.com/;anlHQRisx9ZWHQ5tRcwmQw;CDaJhtezOwDonWoN9wojaeQAat7LO54pSqX6gPNN0Q;798962000-DwSTaatNEVwQjNbqHAeaYLGD2SWHrsNYdzI87tai;iyUwQayWPX8mpqQr0HyXzUhQOmKuLa3i5iWNQmWfS44
http://lamadonaproducciones.com/;k0PsFt73rVwDmIW2O67ve9518;OEX9sJ4h4y9gTHvWXvXKYLn9wj1SSYW6dX8QzbJlbpKvxiXZrV;130759801-RQVB3fFUTKJbI04XBLbEsB6PgcAdyAmmmhVgpzOw;dnAMRbs7fm6gAPYjWlcPO9lbrIHcrOCJUoXkdzyK2aKUc
http://www.cheapcentercaps.com/;anlHQRisx9ZWHQ5tRcwmQw;CDaJhtezOwDonWoN9wojaeQAat7LO54pSqX6gPNN0Q;798962000-DwSTaatNEVwQjNbqHAeaYLGD2SWHrsNYdzI87tai;iyUwQayWPX8mpqQr0HyXzUhQOmKuLa3i5iWNQmWfS44
http://www.genesisqs.com/;UgYDugclrrYyUEQtdfVAHA;5bsXo7YuNMLJbVgXJPJ4zute2yjDvMSkAvMsJfD4;40336806-sn6OaojZ8kmaCAkt8pxqTlMemI2M03BchN7jj4p39;57Y7LhnwMvERvphUUetYxIeLswHVfkdSTAqH3RB5QxK2b
http://levivincent.com/;B4ixESI9gkvwqfEhbogsOQ;NnQQmXZAwpwlxOrFtrrBEqTNG5pE8vwiMgbn78wko;122894059-xaNIQbouYF29brLkhtL8fM8TRRoA0DkQCtDq6aN4;HENkmaMBDy0XHGwxwu8FtmR3CqFecV3vpXjBWJXhF4
http://zakariaszafra.com/;4GqfLnOzLs6mteuhd2nYVJuAk;lqvM5tF3cZRzGzvWVTQxM0G4MuFg24P6ke5ZEKDWQI8z7twzZa;55018991-MGUcUykXyuaAPOR6ihr12gHAowsCCLQWcrqYx5m2F;9Q7YgGk8AmECHx38ButhM7ut8kZXJ0Rtp8FAYe5TuJAei
http://socialmedia75.com/;QeMxbG552Bwpq5aCUhQhSttXw;94IoMiVww2VyPpShL2iuWEXnT1NRxtjQirHktgcqj3xxDq95JN;2942201669-UfiJoLQsCbA2aCnHwpU6WPAYj3SbAfyN6fmPf0P;Upk3x0uzP1K0675l6j4t2AWtzDp7lQX3UtPeAAFfZXP7P
http://www.specialballoon.nl/;00s7dPsOHRqTfxWwzEnPvg;B229VGyQ0YGBdzS2u9St9jEyn4uAjZ4YTlVYVHdivg;89941730-CarJ5U9a08XwgT2vjPP1uvEFXsNjClHi9LEdjbjTt;Jdb4fTvtLGazEf14ChBgoaH9joSNF1t2FIRj9Pwy9Mg
http://mlswis.net/;wNRhT0oQSr51OqqsjBmWuf4IK;A3ek5EVG39tYEe9M7DSLtmjS7qvuLC9DMhSpgRBHoj7cobFFbP;35765346-hvQW9f6fxkBb9DPrDc8RUFpTYZWj1fEtqfQVZ90h1;xl9ZaCmFEI7rqG369vQpL1P7A9nel1LkmrxkN56r3il8c
http://yoyoga.nl/;gjWIQkIe5St9wpGNOEuC8RWyc;meJzSbogB7JuuBJPzG5ERDglM0usFy6b6c63E2JEZ0dzzclbFu;92489222-P3vBUFonisMvS58zQb8PTrw2ch1mGWLUrC22in4nl;aHyXgNf65GuP0y059TcCxd40b7ejFYy3DMHXjfIZCld1a
http://intentfinancials.com/;7qBESIVs2FicfkOFiOw;kUHG44pGBpynV3Fm5wErNdKqaPX8givB61VhBjl0A;1525732742-5yskT9Ut8MgJmiH3oxp5Dd0jTx6t981c0WxYPlQ;yhqB6yvnJKH86bGTjLpyYlbBr4BOo28LYrKHf4fNWMEBH
http://www.discountcentercaps.com/;anlHQRisx9ZWHQ5tRcwmQw;CDaJhtezOwDonWoN9wojaeQAat7LO54pSqX6gPNN0Q;798962000-DwSTaatNEVwQjNbqHAeaYLGD2SWHrsNYdzI87tai;iyUwQayWPX8mpqQr0HyXzUhQOmKuLa3i5iWNQmWfS44
http://embajadaecuador.com.es/;3wVuZi77RCEZuo7R3Cdq0i5zb;UV9WNNMU9cloV7U5r6Ps7Nh1k3Z78ku79UEHfdiiDPkDPkLlEE;220895894-o89C1a5eppMTMLyAxlihgOW9dZkVhQ8A797zBovU;grEyCFWsZEUzF7Vg3ZTFYv5WihIqshmRI2rdcbOIKF7cn
http://www.machinedfacewheels.com/;anlHQRisx9ZWHQ5tRcwmQw;CDaJhtezOwDonWoN9wojaeQAat7LO54pSqX6gPNN0Q;798962000-DwSTaatNEVwQjNbqHAeaYLGD2SWHrsNYdzI87tai;iyUwQayWPX8mpqQr0HyXzUhQOmKuLa3i5iWNQmWfS44
http://goldensuncrystals.com/;;;;
https://ajibars.com/;QivutkLmr9HcE5S8sOAQ;RWlLBnFBUs3yIHUC6E82HdpOgkNgIWi0PA4YDhqk;214161166-iTeE2RmPeuDyOXFODc8QuPtIAEpYnJRhY2qZ9o5t;X3V8ZwY9zve02BdWR4Hn6VtuJBHN2vO8KLWc8RxXMag
http://waltersway.org/;uKvxX1wwvJ4qJcz8O2BcH7X9m;7RYpWpPZ6G7jkOdASCIyem3TGP32mHwL2cPcUBsq7LaBGh7AmH;3310802033-FJIHlY6E5sZhfq0gjlfOPf5F49x3JkWp9AggCyX;u1Wix08jH74qUc7alQHAab0LRYGQUni8vVr3O2T6GUieK
http://allthatshinesevents.com/;sxkLIriC0JMMGqr9ufzg;NKLooPMKOs6huvTOd8MhdLY5HSa5lHuvO8Xe24tPxw;720020823-OqUVEDde5COSP9WNPb8iexI0QfYQzBVi3tj4wEHk;CCcVlGRfcyL78S8iawRhtusjMDaSk3ZWDIiMl7UZ0CNtc
https://paulineconolly.com.au/;QEmHRxHigGF7Yx9lHkY7AD3Gh;YGWGMQAR0ZmM0Cm8SCepXTSJaAvHfL2CsYGkeDyOg2PQRdbMft;416930800-a2RRqCrdQddHay6VRsgWncm8Dv9ciTotsU99SFng;z7PMH6y23V6l51wNQ3GzMswfBYxEAu66S6P672NqlC6Wr
http://www.glossblackwheels.com/;anlHQRisx9ZWHQ5tRcwmQw;CDaJhtezOwDonWoN9wojaeQAat7LO54pSqX6gPNN0Q;798962000-DwSTaatNEVwQjNbqHAeaYLGD2SWHrsNYdzI87tai;iyUwQayWPX8mpqQr0HyXzUhQOmKuLa3i5iWNQmWfS44
http://www.matteblack-wheels.com/;anlHQRisx9ZWHQ5tRcwmQw;CDaJhtezOwDonWoN9wojaeQAat7LO54pSqX6gPNN0Q;798962000-DwSTaatNEVwQjNbqHAeaYLGD2SWHrsNYdzI87tai;iyUwQayWPX8mpqQr0HyXzUhQOmKuLa3i5iWNQmWfS44
http://www.wickerts.de/;ZMVj2JRoMpVqVGBkqOy3BaF31;zcvQrbytRb4BKxE92CK418wA8tfJsfRvaLPNzanBnJZPdEkavt;2212563756-Ro9PtXtM2unBX6e9yi2aapFtqvQm5prPQF0RIsw;jbFiIa58NJY1UHLxZh3oude5fu8z7t64DPSIS0rhi6kxm
http://sismyk.com/;iCYLLXqPviXdCRhXiG6GKQ;x5QsUajlyyey4esZYwV7unT6q3tVAorwFl6tNsUXFU;1589239788-VsuZjbZomvzNxsi02SCAfthwBeKTlS7JZsJb8QA;cmV4D7rwgTX4niaR1AI7laRDQwtZI6lWh3UZLCfLBM
http://www.carriagesoflondon.com/;IFFvUT1PmESJ9gwD8EcU84C3J;RWbOXazbDiNjYcmlpBy41xcUCJPQHSC6LcNytky7fPgKso8ilq;3145313843-feSpzaHmWgaF4hzIdFrN06uIYwWFaK3xybdCfHV;WTGqeE9jDeN0JGYZznPCQDuKT98AR2E43XmTW43KUwpeN
http://www.rimsid.net/;anlHQRisx9ZWHQ5tRcwmQw;CDaJhtezOwDonWoN9wojaeQAat7LO54pSqX6gPNN0Q;798962000-DwSTaatNEVwQjNbqHAeaYLGD2SWHrsNYdzI87tai;iyUwQayWPX8mpqQr0HyXzUhQOmKuLa3i5iWNQmWfS44
http://semplemarketing.com/;qT20Vw4lcovXBxmwmKFi7w;3AahKrr1Caj3jgwXmZLHtrv0KRWZL2RkCTwgmYRzhI;1063828560-9tdUlRpY5BI0dtAULQK5LF8t1RNyzaW0Cj9jKIJ;UAfgExTktdVwA2MKNF7zxf3WCKHuG56dHyfcH39a9c
http://www.prolanguageperu.com/;BGFALikb78ZDYwNNalYXQ;fVUgRmLeFRSDJQFLQfy9htbvQ0HsDeG8gkudWhgkTM;42300348-wXrp3Jodp6cWQbbZWGI0wJLxSdOUkki1D9QQyfzpD;ri1hfi8vc8HaGTJiHWyqw6HDW6p6xbfMc40XmNjBMI
http://milwaukeemls.com/;wNRhT0oQSr51OqqsjBmWuf4IK;A3ek5EVG39tYEe9M7DSLtmjS7qvuLC9DMhSpgRBHoj7cobFFbP;35765346-hvQW9f6fxkBb9DPrDc8RUFpTYZWj1fEtqfQVZ90h1;xl9ZaCmFEI7rqG369vQpL1P7A9nel1LkmrxkN56r3il8c
http://www.bestalbum4u.com/;HhHC167NisEDIYG3OhgZHA;pDrC3PaWUbITDZ2Tf5RzHrYwHPKRE1DWYuge52AWe0;560912635-lI3SwA8efQ8Unb8u05jr6i6yyP40AcoF673EsKof;xxRJb245K7dCpLstxHCxw4Eb25Sf4WGKkp7dmOMdRoTlP
http://rathyatramahotsavgandhinagar.org/;770ryGguZ0FfU9XYUcpa5Q;bSo67BHP8puiQlk5nMR6ECUAeQypZOOrAKIVso;1550199342-ZU66nFdgYA3Q0EKcQ7QPt2mtZzRU7P4NaENBrVn;f5FFYoT7BQxruIRkuoR4V2dPzH6wTcgh9CpwHJgsIK8
http://tmrfitness.com/;1QBBjt84pFPJjMxkUnoBw;9ksX78LGT5LL0uYde2GQd6yfUXhtedy0KF1os7aA;117442817-8nOGsN3kApmLUmxqWHSn13hw70TSv1j8RrSVn5hN;kgI986zRv4V1Zq3JcNjYW2aUCuNQPitPIsOEPQDE
http://www.blackmachinedwheels.com/;anlHQRisx9ZWHQ5tRcwmQw;CDaJhtezOwDonWoN9wojaeQAat7LO54pSqX6gPNN0Q;798962000-DwSTaatNEVwQjNbqHAeaYLGD2SWHrsNYdzI87tai;iyUwQayWPX8mpqQr0HyXzUhQOmKuLa3i5iWNQmWfS44
http://www.discountwheelpackages.com/;anlHQRisx9ZWHQ5tRcwmQw;CDaJhtezOwDonWoN9wojaeQAat7LO54pSqX6gPNN0Q;798962000-DwSTaatNEVwQjNbqHAeaYLGD2SWHrsNYdzI87tai;iyUwQayWPX8mpqQr0HyXzUhQOmKuLa3i5iWNQmWfS44
http://fenogroup.com/;;;;
http://effectus.se/;Zh6wYQNckjpS24qK0puZo9eLI;JVKeguVlu5DrBEhaWVZmxthiTAfm4qYa6Y9AEoQimxw1xbyzs8;2754459121-HMmWYVhGZHHhXKVD2cKzZRbrs3EWhhvzgvIS1PC;VxFSouU5jKr6RtogzflfTj7xbsaRZVH7wUQ6HJteSJcJH
http://www.konectra.com/;Nc3mvF5H6UeWSjKLdROcph7EV;iMOXqvvQBO5UP10gruiLU37Eh0ciuqSMb6Bs8ZKJAGi7qRTNx3;2579093880-EsUIRPiXuaURxSnGaLbn5kHren0X8T6Ny8KpP3X;gVbnxNCy0m8INJUlTPOciHuJ3HiBolj4ugRLLlBHejmtC
http://www.centercapsmarket.com/;anlHQRisx9ZWHQ5tRcwmQw;CDaJhtezOwDonWoN9wojaeQAat7LO54pSqX6gPNN0Q;798962000-DwSTaatNEVwQjNbqHAeaYLGD2SWHrsNYdzI87tai;iyUwQayWPX8mpqQr0HyXzUhQOmKuLa3i5iWNQmWfS44
http://lrbc.net/;8hGN5Ft6NKVRx7th0pkhvysAm;FiMiHvEDIZoGST7DVDiGHVRXVjjd1eDuP4FutlfJRAEan8GA82;520993749-reF2POMxeJWYwWKX2IYOs9nc83Bi1KOZSvnrwy6m;19a7lAUyg7SfPJFDuy4eL5bY5UkmSU86rh34hjW6Jodpl
http://www.isolagiappone.com/chi-siamo/;Yj5TNwwE7C5oMjrtzDtWYA;rbN3oSTxKIpfv3JYguCnLuO7OY52DltzXqwaQ7fa8;861447613-w4bcaTLFehkxk6ADbe4wAA4904pNGz6rZpIhe2JD;4sHbBIRyrvdrXKJRmLC1AXMaafFnbrG6ww4OWMSHI
http://shoothuntstalk.com/;dul1bs0e5fwRHbw5yVoAoef6Y;0eikasnKZGseJU3ZZJhAcdgPUxqqt5eBqYYR0Rv6DMchEA2kBy;2250559958-wf7rpKZ6sbRnaBrW7jHurU3S08nb9UH9XlFoKDy;UdctAkeORzzuaFVC4L07IDe04kHNRKvyNQN5WgznKHa1N
http://www.tamaralive.net/;W0CWC7BO7pEH8o7hAXaE1LRyx;Ge9rTBQLEeknq45XX8uwFyZDRV61TRW2nz6imrz7O4PAOuSNPI;2503191451-mmj9WASsVvk1I7gAtaHcaztOLb30okj5PY8eDBK;UdN9HaeSNW99s1TKFNZWuptAS3uPSHi6UQFojaJPEZ2ZN
http://www.machinedblackwheels.com/;anlHQRisx9ZWHQ5tRcwmQw;CDaJhtezOwDonWoN9wojaeQAat7LO54pSqX6gPNN0Q;798962000-DwSTaatNEVwQjNbqHAeaYLGD2SWHrsNYdzI87tai;iyUwQayWPX8mpqQr0HyXzUhQOmKuLa3i5iWNQmWfS44
http://kancelariaprawna-wroclaw.pl/;kXmvwO6LDTSiW5QvLk9Yi3gcZ;8CbXwslUWIuYHXb8NpG9Xcbx2eIyHlBnbhn9cXKkbA2ciyMNOf;1449630248-kNonPogHoDYExlzaRtg7Cb8gev0coUVsoyPE3SJ;ZFJs94MEizpKuZ75Anf9jYzugdJoTPLVJIHHc9rSXBMqB
http://www.endlessimagery.com/;nyZEtYrcefLL6uhtevfSZg;cSJkD2L4wQBUKPjVpswVM3HTVmJlOY2ZPaiDJsI4;103930836-PBNhh0kEv0tcfghoVWNonq3tXZPFFOHeNim9R8ER;u9b9qg1CL1WFgVWmVQA9zpRDLQzyFEW6SUMivTSOfc
http://karendesoto.info/;;;;
http://phsportstherapy.com/;fnXbMU49F0ChGSaK17b9mg;rwdJArKZRB7O0ipCNHOcF9qFOutcaX0dRz92WdCEo;17500799-HmZtnnraAN3pp5hx9PRVyD2UPGd6PZ2pReOh10UqO;fs9xTwg8DgHrUJPkN3yAjb4Ofjmt4EE0TqE7HAhRxk
http://liftofframps.com/;;;;
http://www.iam100k.com/;bHUz2s0Wx55lu2vdZhKGSz6Dz;zTTQbXEjW1wGoK0bhy86BFRgspMAJ94TGIA4Swc11lxx7YFIbl;18210145-48Ly4AaV5VgozyxRCdzejj2zEM7sPCRCrUpPAoS0G;XkYkrGOV6fW8Ix3gxSBFy68f9rrwcPHACDWwmmAh4LBL3
http://www.perfectclean.cl/;EJfiRzjFK84IEQxMNvvXI2Noc;wj53jdnIcd3OLup6ZF4owTqNyvRl14EQbjrDi58kJTzCUxsbIc;737393319186071552-pt6wFEnbF3qxDDZC0mguAhOQrjWQHkT;GIX0eksliBaCLfQRe2qPBWYydh29EVH12fBjbj3WNzDgy
http://www.saiatex.it/;;;;
http://www.bepositivebitch.com/;b9sekz15kbLf4Wy6q1PkYnARc;K8JNrFbbdKgF0oGbQEZmG9sCjHMjzdlohugYUD396J0CQyKikq;298002722-Bipvm90gY1lIyDLttLKUjqVjMwJsSpuxcMk6Tsso;5sjzSeRSwAquz1u9kpR4IexYf0qvGVagmKF4pYOq85LPs
http://averagejoesgrill.com/;VyNYDEo8TGnIIfNC3JfgQMCgu;I8K7MAlA2lBzPRCyto73WakGdXUuACLt0URmijA6tr7OMglm8C;64446044-RPJmTNNm7szGGhZ5dLIXtDzmBOhcFNlZL2uxqUhR5;h04ck3FKSHmlLFTpo7FXz7rDU6odS4C6GtDPsocFSv8v2
http://corpnavigator.com/;X7n9c4bchPFqw5uSZpREw;55cmM3LrLzz3DfgwyzILqrwOQSVXrk9ixQzcW7rMPRs;20449330-4perwZG69ukmlvpjSEk7eqn4wG6ELe84uzsqCE9nE;7Af0BAqVzg7Kyg0lkrnuJ1lvBfctzFFh7rJZaVt8IUdT2
http://www.chrome-centercaps.com/;anlHQRisx9ZWHQ5tRcwmQw;CDaJhtezOwDonWoN9wojaeQAat7LO54pSqX6gPNN0Q;798962000-DwSTaatNEVwQjNbqHAeaYLGD2SWHrsNYdzI87tai;iyUwQayWPX8mpqQr0HyXzUhQOmKuLa3i5iWNQmWfS44
http://www.gfemspeaks.com/;YitcWlaxNY7gmQGLvmnPhUAKa;FN1dQbeT6gBpoZaGPgl7RIB2jsu1AxFsypGyta0wylEkLtEhs3;81938063-EQwHnfSoQjaDkHtqiEvYXBP0NQrxEYwGJbK3slGaV;fBSemC5pXqqnC8ZwvtDyexFg5eXfEqg7eBr2dEeeK73eg
http://lymelilli.org/;e3onJsGyCGJJIhMsLsCztw;e7pqqA5mzE9sLcgFkG607uaznsJDtZkdkaW86xKK68;136660342-d1jV09fHSRIXKMW6Ov2OhseUgfmlOkA2c4MdoYjo;Qg7knixi0JDoHabbJ7xTxtJ7tm45Kqu4618N9aBwznE3M
http://www.ciades.net/;Tfym8XGaHYtaIbGRmkYOg;FB7rNobbPlgxLr0kLRKvWRZjYxYcqWzfw3CtILoM;358722085-LnGSbLACgPc7thnVV71W04kHAjxF0KRTHGSxym94;8t84nk6cECLzvphMsdQy1SpkAcS8TYxVzda58UstX6iGM
http://musicday.gr/;1u4r5qA4Y9RQpey6jxYA3941S;UnACWSuE9fwhCfkPNuzmHY0cNmdhQeKZHhYmJgyMH5E8VwntnA;1343935256-TYmb8CW2gP100MY8yw02O2nRELBQgrEHGAGvGM0;VbqJnJd1U9J7H5CVs3Df367NFYxH0UlYvpN1Y65KPu49b
http://www.centercapsid.com/;anlHQRisx9ZWHQ5tRcwmQw;CDaJhtezOwDonWoN9wojaeQAat7LO54pSqX6gPNN0Q;798962000-DwSTaatNEVwQjNbqHAeaYLGD2SWHrsNYdzI87tai;iyUwQayWPX8mpqQr0HyXzUhQOmKuLa3i5iWNQmWfS44
http://mlswis.biz/;wNRhT0oQSr51OqqsjBmWuf4IK;A3ek5EVG39tYEe9M7DSLtmjS7qvuLC9DMhSpgRBHoj7cobFFbP;35765346-hvQW9f6fxkBb9DPrDc8RUFpTYZWj1fEtqfQVZ90h1;xl9ZaCmFEI7rqG369vQpL1P7A9nel1LkmrxkN56r3il8c
http://www.flatblackwheels.com/;anlHQRisx9ZWHQ5tRcwmQw;CDaJhtezOwDonWoN9wojaeQAat7LO54pSqX6gPNN0Q;798962000-DwSTaatNEVwQjNbqHAeaYLGD2SWHrsNYdzI87tai;iyUwQayWPX8mpqQr0HyXzUhQOmKuLa3i5iWNQmWfS44
http://www.simonbirks.com/;VbAkU6Zq03OPS5sCMlE1vKnqO;rjx3MRmJg0Qeh98yO190qb3dbU9TbkWWLxQJq6ofALmz3mFSfg;19528799-NrLlWrFCqt5tccNbWqbc9sBWk2X5c93FNOF7Qep5p;QiIMUe1M2VWilz6Jt2nfTPYY6EjopC6weVm2iQ9PPQMo7
http://www.chromewheelpackages.com/;anlHQRisx9ZWHQ5tRcwmQw;CDaJhtezOwDonWoN9wojaeQAat7LO54pSqX6gPNN0Q;798962000-DwSTaatNEVwQjNbqHAeaYLGD2SWHrsNYdzI87tai;iyUwQayWPX8mpqQr0HyXzUhQOmKuLa3i5iWNQmWfS44
http://www.stockcentercaps.com/;anlHQRisx9ZWHQ5tRcwmQw;CDaJhtezOwDonWoN9wojaeQAat7LO54pSqX6gPNN0Q;798962000-DwSTaatNEVwQjNbqHAeaYLGD2SWHrsNYdzI87tai;iyUwQayWPX8mpqQr0HyXzUhQOmKuLa3i5iWNQmWfS44
http://4tuneteller.net/;qKfCLedgS3HDQWFED77ktKpnh;be252tKqCc7YIF7deRaDizO8aIgh7IQdV8AeTs2JyCB7C7ZpC7;467634146-v1S0Sz9KdIaX0cRPCP0HXjCp8y7375UQmmtBHulI;AmCQ914MwFwHaDBS3PQGk2QAztQp4ZUkp4oNLobY5OLZj
http://www.centercapsstore.com/;anlHQRisx9ZWHQ5tRcwmQw;CDaJhtezOwDonWoN9wojaeQAat7LO54pSqX6gPNN0Q;798962000-DwSTaatNEVwQjNbqHAeaYLGD2SWHrsNYdzI87tai;iyUwQayWPX8mpqQr0HyXzUhQOmKuLa3i5iWNQmWfS44
http://www.oem-centercaps.com/;anlHQRisx9ZWHQ5tRcwmQw;CDaJhtezOwDonWoN9wojaeQAat7LO54pSqX6gPNN0Q;798962000-DwSTaatNEVwQjNbqHAeaYLGD2SWHrsNYdzI87tai;iyUwQayWPX8mpqQr0HyXzUhQOmKuLa3i5iWNQmWfS44
http://savehoptonbeach.com/;eXfvf1LdjasGy5DL5jpvw;YLPUr1kqv7NBBrtFuQVGF3X1nDQTRrmIBA2uzGm0rE;103981097-3QB1dPtnxJDI2hRds2BS1epRdCJJkBeDUYed0XoZ;osVlHhfSHhsJOroYZV9RzXJNNOtcmrgfjLyWaOGPeyayz
http://mlswis.info/;wNRhT0oQSr51OqqsjBmWuf4IK;A3ek5EVG39tYEe9M7DSLtmjS7qvuLC9DMhSpgRBHoj7cobFFbP;35765346-hvQW9f6fxkBb9DPrDc8RUFpTYZWj1fEtqfQVZ90h1;xl9ZaCmFEI7rqG369vQpL1P7A9nel1LkmrxkN56r3il8c
http://www.niagaraseoexperts.com/;DHTaOl0TLA1p757Narj7gMvZg;YxXiwkMS5bfzZZDdu1kvU416ir39WPDbkEdD2uIhwt0nNRiadU;3951212721-XARW1WO1EkGkHlxao8ITaDoGRy9aRp7RHOK6BSh;IiCwClbclPnst6PlNuXdCci3RwIejHqX9IcPtciDeo9jK
http://balkantravel.biz/;iXqocMAM58IdllDaa6chg;03OSdy9EJ3JRVMsN6JSXQrwLanbbSIJdpCJ8oPwk;269443414-jAAPsNhlB2KvCaFQh4bBui8XOZOrskho9rgw2O35;W0MCbyH5TFBlKz3EiHRDyvD6Y5JmgrhPU1XGYzlARI
http://www.coachdolor.com/;SrjHFUiMA8VFzFD7PjFovrixi;yG35YLKEymgB4YpGFgQomuQpoJ1QxbCvtO1YO10y87EsL8kGY3;298002722-xuYy1mpuW9pkJpRViZDQ7EqtioO2ycwpOinzmOuA;Zf9zBkpIvXpDfvMy2bY1CtDzlKYAXC5AADj4UCHygW4KU
https://www.methorst-verhuizers.nl/;AFjGxkG5fckbtfe9Zno0AN7PG;yQqxgFIyukCeaGPSCmvbaeNYvjHqqyF9Xv5oEFpzPSbL8lhrZH;230385434-n2xFQO9ZVZBDbq3mOgrU9qa3ssUAqXJzZ9ChQNVY;lPHtIyV9Fs7p3QYN9LOCGMs0AMD3fVJguQaBkS9sRNid8
http://theprovencecasino.com/;Vuc2Q9WPagl3xj9dAaf8w;RXn9qL9SKmGdZW9IzbXFzX1WaJocat8swUn4klg2A;940018640-xcWtvuqcEIhFzAOJxuGrsNQqJaJDDlZqRGLJDxgm;8wFizdaQPBcOBImSrNc0HkVElMnNTP3kfrqk97qY6aOUA
http://www.satinblackwheels.com/;anlHQRisx9ZWHQ5tRcwmQw;CDaJhtezOwDonWoN9wojaeQAat7LO54pSqX6gPNN0Q;798962000-DwSTaatNEVwQjNbqHAeaYLGD2SWHrsNYdzI87tai;iyUwQayWPX8mpqQr0HyXzUhQOmKuLa3i5iWNQmWfS44
http://www.wrangler-wheels.com/;anlHQRisx9ZWHQ5tRcwmQw;CDaJhtezOwDonWoN9wojaeQAat7LO54pSqX6gPNN0Q;798962000-DwSTaatNEVwQjNbqHAeaYLGD2SWHrsNYdzI87tai;iyUwQayWPX8mpqQr0HyXzUhQOmKuLa3i5iWNQmWfS44
http://www.thebeauty-full.com/;rg6w1TmgXW6OwoZYIgCINbIxP;nwtGr72fLN2ssWNbSOrRpcZRhKZa41bnAbAWzeqTKfRmwXTkhN;2435837893-x3YYeGJTKC4QBZjH1LsKKeuYHoeVixYKlm0VkjR;XGgJi4tswwjeFryrUEAMyOhWphACqqayM7hm5o9pKWLR0
http://karendesoto.org/;;;;
http://www.crystal-tokyo.net/;;;;
http://petermillernbcsports.com/;YppQsaAfJPlsn0GqDGIdGw;1HBkI092b00WNtj2BxWAy2H02pd8pCtRdLPeLNs50;1435570489-GUqlpwX0soreNofxqnvZuOHB6UP6Zyt9XaIlEVi;A0SRVHY6nRA2AKVpb76qCCKy6Pid3W0AHgiDi45Npo
http://www.badcandybootcamp.com/;FcWSoWUobF9z6AjGfH3VGWlix;ib8t9zV0qQUMeXezxqCQhqvHQphTjlGBKaQAxYmdzqdvZQVrCL;1413505945-jZjfLzlynSBgQCjzdXB5oXVEudnJO012z407Ejp;Kh5KrDp7CablY3NHysfvKPbDbRI0MlrGjCEQngfVDcXsm
http://bakeoffsa.com/;ttzTxlRSNFcDzmOGtcEtq4QIp;htzRmqm47Mk2HP2QGtuP5s84k8ovLx7ApTsrTHk4AHaopgR2jS;57030821-F8hHejXodpFnSJV6CkolU2ogO1xIM1kamSf1vkdWj;98hJPpMDS5MjcPcXKyiMvh6A1VXmMyEINvXkMd82aTTbw
http://www.agence-perinel-seniors.fr/;P7pIH3UCGm0iDOWijy52MFxkE;M8eFzzaCy9QTG0hzyCzOJPUcoTWILQIcUSxRhf38k3KYyqG1hk;2237271678-iO6CqjR6arSdXahK8Qs2d0N74W1sp7uIYDnmQTz;RAGExUHaxMrlfsTBgQrfwdOpGpCq7cb13R02C9d7T9vZw
https://www.methorst-transport.nl/;AFjGxkG5fckbtfe9Zno0AN7PG;yQqxgFIyukCeaGPSCmvbaeNYvjHqqyF9Xv5oEFpzPSbL8lhrZH;230385434-n2xFQO9ZVZBDbq3mOgrU9qa3ssUAqXJzZ9ChQNVY;lPHtIyV9Fs7p3QYN9LOCGMs0AMD3fVJguQaBkS9sRNid8
http://able-manchester.co.uk/;zJWDt0SnSJh093sfTslD8FBxP;rxTQ3i8RX0OnwBbaGRbv0hMcl0vm9RW3O9M1thvQhQz1ISWkFm;2784331857-mCJEhMwph6xEKTpujfuL1e5OPdPVzJJNzgL4EjT;0SLFCfpt2zsVPh2XOP26534ds994uxSlHnqY9tWLQ5SLI
http://cabincrewrecruitment.co.uk/;J4fgq9DmC58yM2m95apcJ7jeS;ppVmYr4sJLpTjmDbzkQ8OFHopWIIYEjxB8dTTJaAGX5ZdpiLM2;464767283-U7DPX2lJ7prQMUr3WDP7VdS6t9m94cHbrxUoszih;ZXV9MxXT32iswuH8Z8cyHheatXM7rON3iOB4LpQIEyOXW
https://aurala.fi/;frPGHkk3e4FuWgFmeZWijMzSm;DS2asnWgtPLUcYK4KDeAq0m8aU7UFm2bvi8sazLGwjrGtdOcLk;764009040745594880-X3IbcHTOountSAehucFGhRsN3ACRIcY;6uJMRsbTxDhXY1i3aCnm9gRdPrHou8lHpdcLqEJ8OpMSv
http://www.granterroirs.fr/;NMOrzuaeZv2y3y7LmMpGkQPhh;Gqkx3OqDR5ts57nDdsk4lemJVjtnpuWVjHyrxyB3DeAmrY2GCl;700696011388289024-dDv9Wv6Bn3bW5Pjd9SzjAnELS7qwv5F;fAfYJEiwvCeuYuGTUe97NTni8GWtCcTnaQykF9uXGf29t
http://www.brain-r-evolution.com/;7wX8mylhDRcA4RP2mlQbFaqXT;fRH6WjFcJSRHTRlc3mu3qsa4bzNZ9uhMHDIwRKeutaVzDwpk0T;751961716066430976-bK1KndBhYt2Ztq46GLm7gVSXv7lILqt;hlvH9dLcvzfw4wujXpQucGkkh1VL5k4rxt1FmX1T8jMpt
http://www.centercapsinserts.com/;anlHQRisx9ZWHQ5tRcwmQw;CDaJhtezOwDonWoN9wojaeQAat7LO54pSqX6gPNN0Q;798962000-DwSTaatNEVwQjNbqHAeaYLGD2SWHrsNYdzI87tai;iyUwQayWPX8mpqQr0HyXzUhQOmKuLa3i5iWNQmWfS44
http://cidecedu.com/;yVzqsIFs0bueNikWv6sRUk3qf;IJaaftXk4PoLxIeJA30sHYuKUngyjxThu7OhMoLEdv2htbcYjX;766599531899281408-kO1V3q5wTMkO22TzaWfoC48lHmvaxnj;rlj4AQ2GZLYWbKPQTM62SoGUaSI7aCqE1wcLWYXBNAhzU
http://fnapodcast.com/;KMQDfRM1XO4tHFA9J7mx650ak;vfw3yJkcTK4Pu3MJrwxM9iyAeeOBr9pVESNqlfiDgtJ2uAUmKq;920170950-dmAKoimYUAoXGnOgvoYoLwZ6K04P7k7t7sEdSz3Y;eMmH44h2RC0hqjTWJGrgQQ4jZonLO4LNfN2T0vAcFVItt
http://sakfet.com/;;;;
http://tenniscamps-international.com/;J7I0GiOYW6d80mB7h0h0jGqsh;WxfuCxRwSFmUEU9XrbPdgRNJZUySEVbxoz3dGnX5WOEq348BdY;2414151288-EJYUiIAzsefzbQc0tYBrlk4ZzjXHxTVpDrvSezT;GwkyfW5Xmn2NQk0NcchM5tQiX0sGalipUuJwD4YCzMpql
http://nccgy.org/;y6AH4xwoxFlTgnbmRIJVpzdcp;Uj6vn9aExVUtr1iqUxKuYr901KjhTp9gLkXGPPMv7xCk5L0Ufu;755538586313818112-x4O8E9SILqZTHtMGC3bBgr5wXhBaDgw;mDuKwzIh9HChKiYd4rHpe1JUbfJPONsAhUURqlvzj4fvi
http://www.perfectgroupclean.cl/;EJfiRzjFK84IEQxMNvvXI2Noc;wj53jdnIcd3OLup6ZF4owTqNyvRl14EQbjrDi58kJTzCUxsbIc;737393319186071552-pt6wFEnbF3qxDDZC0mguAhOQrjWQHkT;GIX0eksliBaCLfQRe2qPBWYydh29EVH12fBjbj3WNzDgy
http://www.periodistesgolf.cat/;gqcEtZ9jr3mY9svDh4ueDh203;1nH39FeWMMe50b53FALGd3KDxYzZFyZRJaps5QdZBgfD7DqZ7c;2902086367-C9knv02XjZWSRhiYGJ6XbYqNiQ6z5qZE0vM0YIA;PdoQRdYxLSGUOKZaxBlawLxXlG9113VW040kDzfMfyZwt
https://www.methorst-fashion.nl/;AFjGxkG5fckbtfe9Zno0AN7PG;yQqxgFIyukCeaGPSCmvbaeNYvjHqqyF9Xv5oEFpzPSbL8lhrZH;230385434-n2xFQO9ZVZBDbq3mOgrU9qa3ssUAqXJzZ9ChQNVY;lPHtIyV9Fs7p3QYN9LOCGMs0AMD3fVJguQaBkS9sRNid8
https://www.methorst-logistiek.nl/;AFjGxkG5fckbtfe9Zno0AN7PG;yQqxgFIyukCeaGPSCmvbaeNYvjHqqyF9Xv5oEFpzPSbL8lhrZH;230385434-n2xFQO9ZVZBDbq3mOgrU9qa3ssUAqXJzZ9ChQNVY;lPHtIyV9Fs7p3QYN9LOCGMs0AMD3fVJguQaBkS9sRNid8
http://ais.sch.sa/;whzmNybRfqh2gMddO9uJWZFW0;aSqOTuJZTcsZwBHfRSs77TEhreQKOS8KlXO9AeOknZ9EaiYhQZ;259232353-Mb4v6c1y9mFWY4ZwfgezBgTE6oD0CIEl7DwQmKUF;VPx0tefM2UdmMsDBTFbpDrj517aFiS60PwB0ZGgGUSctq
https://form.audio/;0VF95QRIE4cyShY72SYyw;iD0K75erZ29N7hUFuElh4oI0OHVw2cErznasrul7F0;816980876-PgfopBEB3AGmi04biZARBnCXFgicTpJR5mOMweTW;9SHuuXdiNDLvB3vY1EUy26sbUfRCwrvnETNVGLav8g
http://photographeralgarveweddings.com/;xfveXBFZoGaBWuDalN0DmAjNp;ZQBpXI3JSjXdvTZMfsh5qV1mqf4LgTsqtSETEd3aXWMxLlaPDB;2352130891-sufIe0Wyql75md4vj4L2jy5GabRKJ8okTQKGNN1;RbY31bZh8ZyXcGkiDBDmGPRZrrPqEVc38Rr0bhIHzVMXm
http://centerafricatv.com/;eGkd1WTvDpIZ38RW8KGDGIG5O;2FRofF7eajJk0RUWYd3ZHD8JMfdFhU4qI1yRDVPtrWsrekVga7;941094523962347520-YmX3FFPNC74bBQzlwDJuoRUpQ7fROUg;Eqs3EL1etCnYRQ7py876wsIrbxv9K7pEVA0QjVg0XtsjC
http://www.silvermachinedwheels.com/;anlHQRisx9ZWHQ5tRcwmQw;CDaJhtezOwDonWoN9wojaeQAat7LO54pSqX6gPNN0Q;798962000-DwSTaatNEVwQjNbqHAeaYLGD2SWHrsNYdzI87tai;iyUwQayWPX8mpqQr0HyXzUhQOmKuLa3i5iWNQmWfS44
http://ashleycooper.ca/;viIxIXmkkoMfW9R2v65RQ;xdDrrPOunYZe61yxkYfWAiAUuSDs1v1PwMmxV6MFb0;1851295646-KFXu8RQhgQJaMdsgSTLgKQCrTR918wkYwq8JpQ6;c91j0jsqojMg7Ok8GNPQiYABv7AHhg7izLwdOvpLCaujs
http://jungleperformancebrands.com/;bLHJPLRcEygWJTfH1IMO0FP8R;D4Yj7YRlt3yVxaVXaxqIz9Dc1ueDRVZILsdAl6x06hAB91t93H;961776573488668672-RsxCzBjL9mLd2YWgnAyXCevUm9cK9X1;gGDSrcJFOETx1HsNmfftZSsqOOpJdSkzhzdblDBHki0AJ
http://skmsbackup.technology/;;;;
http://www.nextlevelhukuk.com/;4Z7iX2sE8lwykNPvGRz7RfrZA;sVTWgfwNJ5K08M2g8Sg8u1Ez2WoMapvRELblfi89rHzSt3oA5n;2727387199-CAA7LXywGiV6tEIufkf5FE3PuERf0N2trltiS3E;DLMvqPavd52RgyWj6sqQJPIZW16OSnPmhfEpSfzq9RLQX
http://www.nextlevelavukat.com/;4Z7iX2sE8lwykNPvGRz7RfrZA;sVTWgfwNJ5K08M2g8Sg8u1Ez2WoMapvRELblfi89rHzSt3oA5n;2727387199-CAA7LXywGiV6tEIufkf5FE3PuERf0N2trltiS3E;DLMvqPavd52RgyWj6sqQJPIZW16OSnPmhfEpSfzq9RLQX
http://www.nextleveldanismanlik.com/;4Z7iX2sE8lwykNPvGRz7RfrZA;sVTWgfwNJ5K08M2g8Sg8u1Ez2WoMapvRELblfi89rHzSt3oA5n;2727387199-CAA7LXywGiV6tEIufkf5FE3PuERf0N2trltiS3E;DLMvqPavd52RgyWj6sqQJPIZW16OSnPmhfEpSfzq9RLQX
http://ryemedcostarica.com/;rYAuKGEx3kPtBkczGk73UFOMv;z18Vlc87Va9PMpFKNQzJ3X2LeTBd030MKehR0xIcT3fiJLHsf3;702589148943818754-v6urhwHdKLHFYkQarXPhReZ0xrX4A3F;sfPlI5AR3raMkREuLn0noGa3OcLA8tKpGNc3yDCQUvPrN
https://festomane.co.uk/;8H3VlYyIQ4E1dyYK9upZODT0p;HCcJ3A6xHmFZonZ2f4Uc7RaYz0zZZj5celQ1yV8ZGajydgwCEK;884445703954718722-s7TZGGTtzVbvu218UnbhoZ0RMlf7Pz7;JNpggk546DHv43OjBwBofYDXH6YBxpvXIwumTb08Wri54
http://www.drivewaycompanyuk.co.uk/;ZUsCGlth7xl2avWjsK01A;sR2xyfMt1epWm2HzYvoXjt6LPakEJlER2wQjDE;1229758068-bASMqbP5s4TJRf6FKHCcJEFwHfXqBe5tkrGnp7b;mwwJMC0ou50tCy7neZn3B42zL57GEFarJhXZHT9w8bXEp
http://giftlivonia.com/;9dh9YaDesqJ5DymEVLDeA;vDMTl1sHE1Wt3ibt5Ug25GlM9eFsmNjmUOaC5KHAM;1656245952-GngDih8v8oZCBUDroRyRsAVQbZ8Hw4GPl2kYZJf;HGkqKkSK0p39e0Om9j2EF2Us5z51x047XNcqdmSPQ
http://www.dedeoglubalaban.com/;CNtq4BG9rCrMsa8RhfoWIUYmU;8eNXJwrfFVNAvqxmaXhohATLOscItgXN2nCYJOu2nSQDpOPo5w;709413397306146816-YGldWPfa52DbTgWFPdFJ65I6Tg4rKas;GwV5qhFbCYuhb035GgEFkcLXGR3jiBOpeQUVrE7GvbLpg
http://rcdronenerd.com/;9dh9YaDesqJ5DymEVLDeA;vDMTl1sHE1Wt3ibt5Ug25GlM9eFsmNjmUOaC5KHAM;1656245952-GngDih8v8oZCBUDroRyRsAVQbZ8Hw4GPl2kYZJf;HGkqKkSK0p39e0Om9j2EF2Us5z51x047XNcqdmSPQ
https://anderias.eu/;hu6m6tRuEcCkTfF4JPXBk3Ozn;KzLieRZDW2tjhuhpkwbo2geyJPear2KjaegQangTi4TtWIcn5U;875606363698642944-Q5TkzMX0AHZ64KC9Qy2yaApjwv1rp5N;wwDTvFKp2JL0r8fB317Z1O2C771cynpOpYq5SsX8xd5tt
http://treehouserecruitment.co.uk/;GE3Pp64io1oXaiMsKw8akQ1HQ;RqoPU4U0EgRXJqitX4sPHrCNcsLoAS90TIr39iRcN17CynybLU;523119728-lOtDTnYVFoJo1pKLh31QbGx60S3dymjsyrK6srvp;EwRNkaDlTaYGLUP7g7FFaanmwYZMprgYm1oDXIQ6cq3MP
https://purpleangel.co.uk/;LhC5aLcId3eArtFa8fnnHA;UDB8ypR6uHPZGHCxzEbzluzqSD0o0TwcvgTxgpg3wk;1179445878-f9lYJzohQwZnmPE4gm1OEGZZBDcoklpE4OG0skY;3a0bKk9adlPH7AJLEnbUp3DrQLne8tk5BcpXcJET2g
http://kingnutrients.com/;bLHJPLRcEygWJTfH1IMO0FP8R;D4Yj7YRlt3yVxaVXaxqIz9Dc1ueDRVZILsdAl6x06hAB91t93H;961776573488668672-RsxCzBjL9mLd2YWgnAyXCevUm9cK9X1;gGDSrcJFOETx1HsNmfftZSsqOOpJdSkzhzdblDBHki0AJ
http://www.blaise-industries.fr/;elqWSB9T706ZgkMyQVb4bTyl4;h52xLdJ4uEobFUx37dlc3C8shDRnylNDcKElLpfAIeqigC8vBG;2874633074-bFnrT2SqewLpHQfOihJR9VdUpioqkZ2m6CzPIcS;lLiQ00qVry4xhE18kFHjC26WSQ1SJ6k14DIWNTVhOR0go
https://www.iclick.ae/;YkRFtIhYvYeotE7kUkYx7fy9a;tX8S3HLVX6crGFD1T29dX4J1iExPrvJX8ZFMR6b8Hwvr0fgARR;3037405610-sHvZmBtIdGrTHeOHgCreSWfch2QstOKBadvwOZ2;noQ4bUyqw1oHauCRfjYtFiYkUzQsaaiHso5sgcHRc6Ig3
http://bitcoin-trading.se/;;;;
https://www.turkiyearabuluculukmerkezi.com/;GZS4B8hPp7Rm1hNdITShkg8L1;Li0lU2rFqu4dQchhbXCLloWpMVVMUdRxPL6jSBKp6yjpYH0o3Z;2727387199-1gDlltx71io9ov67ZmbS25j8Z3IWDRx2ULqlVUm;2PIv1ea1qMSoSmJbagFR4xmZWEDxsn6PxGyn5DmkQJNlp
https://www.turkeymediationcentre.com/;GZS4B8hPp7Rm1hNdITShkg8L1;Li0lU2rFqu4dQchhbXCLloWpMVVMUdRxPL6jSBKp6yjpYH0o3Z;2727387199-1gDlltx71io9ov67ZmbS25j8Z3IWDRx2ULqlVUm;2PIv1ea1qMSoSmJbagFR4xmZWEDxsn6PxGyn5DmkQJNlp
https://www.fysiocentrumkamminga.nl/;aND2BVXbZAUr2p2wCgsD6DDgh;6ePaKXw5tN6sw8JZbKmWM0b1qbHAfXajFShrnBg7OPypQfnzig;943933117-mRijv57qVYqhIS9p9NYxqFeD7gNGn9FAejV7IS4V;rAjy5gjjTEltzpUvjT8xlhuQB7XRzM9dj1tyt8tIjwALK
http://mesoevents.eu/;GpN4b1Cq9sDmf25ZpsW427JwL;CnOMRacRZj3HiV0UO1uVOZPhJUqnsyvZBVReqieCWVqBldVH5G;297380159-XJvRc4RpelbSd0yj8Kl0dWlICsxNKbMX5FyVwsLI;
http://stgeorgedoha.com/;McG4ZvjeTwJ25s0zzIy0HbJjh;8aWl8yghUJIe0dkxaZpLsdCg1YWNjkbImWB04WXlG9RrLcHV6b;996056910267809793-nptAhP6XYZPsfjS6UDl2SRnVvnYAWDI;Mg00oCEmXJpjnwyEVPy52O9hrsX2Xd89hP9MKHpWSUCyg
http://bachelorettepartyideas.online/;9dh9YaDesqJ5DymEVLDeA;vDMTl1sHE1Wt3ibt5Ug25GlM9eFsmNjmUOaC5KHAM;1656245952-GngDih8v8oZCBUDroRyRsAVQbZ8Hw4GPl2kYZJf;HGkqKkSK0p39e0Om9j2EF2Us5z51x047XNcqdmSPQ
http://www.totalnetworks.co.uk/;HKPkL4QPpD3t3c8LoCw;9vfsVfm4g6tgeWvw2JBwPGTMKM81GwkMlRoySptbw;340255620-WWtovjYy88syoNJ23wURfpt7yzaYil0u0YoNQUTZ;SNNojfn607vYjLbVPnV4ZifQ1UhvSL80gcHwPgwczO4
http://www.norwichtelecoms.co.uk/;wKpUq6NfRQqJLp7GSoiVGL3xk;WzevI4WDIuzuwobyBbNNcIIHLekePoqakvirpHhQdtS5ogXgY1;285307442-P65GstQVMjpOmcH5ritogJa2JYQZQ71yLqivYk46;ixWZr9AgMOYC95Gl6qYAW89hbivVC5SfjeAPjc6Q4eXsW
http://www.ycsa.org.uk/;9WHq8zTHZoU4L5EmDS17SPIId;nTMBlSA22KIreIdQcFtaKVftrUsiLkRTTINZn0cFxCWEJ8GHWk;2979894989-mVVGokWVvfszEaK4TCPbDPNYyc15u5N3vjT3P1g;KRvzJBANv8dYFfGfVAIWrDNrfxyh4yhSTqn2NwiadGPzG
https://www.isports.nu/;HyfMpikUq1x0q3FESwBBZi8UB;bd0zW9czX1fRZgU4adWsggrgsgmbE4LNoKuCVNCD4OxedBAKiH;603010106-nttSbFOvdMQDHUtbemzyOcP0xLyF4m0bCdVBu7ta;AZoOAHWQrRydtwVcLK8N4sOTounPXQbQzXlJqyiFfN20l
http://le.cpci.online/;K7eERjggfBkKDjXhzGszagmFK;j6KP7yIT3u8o10rCP3aCQtsIdvllbsWXbAeCrMPITiGfB5OI0z;3392160603-exnYS58QEaRogktYZSQOTGTgx0TXDycTJumeTOq;YNREkiLqPPItfXWjK2LpNzD8ALx0H1HTqyEzVZdxb6RrT
http://brentfordvets.co.uk/;a92p5GIbAcIT2RBvPmQ3xQvGV;Kyb9IJUuWQn5tF8D7mjHXkNDdhHuOsnVjTo9vqKDxbVZCTITH2;249559898-m8FqkRcW5EpuBBpyyczWGZkxfViND4IuxHxx51aB;5G3OErrXNTQiMxfqbsuL3Htstp8L2SnZboukTLrwZjVan
http://www.candbelieve.co.uk/;6DZTTwtDPD4Dy2i2hmAAw;uFQekWvNBO9NGHHP8PyrKI1djN3chLnh7QFRNoCiwRQ;1635093348-EnC6uMTKSUquFhteLaaHLQWFJ8Je7X7cfdDd4Zj;tSjfTQ5gnxxnJyfl19TtwyiwjgGN9XF6QJPod9I5Yw
http://www.commercialdirect.co.uk/;;;;
http://www.essexflameproofing.co.uk/;7z5KnV1WfYlV1wcne6kZoQ;WqMM9mR6TaImczyq3ivQumOmFMmBdIUOUbpGh3WaeSI;1073488404-Qwn9aevSXnIGfwgOb2ud3DCOiTSVm0WDXYwITfP;jwoeiCn3Hbd2EnZ3kPQjXA4piZ7uCeKkj9UAJmOjDuzpF
http://gcasl.co.uk/;WUT1d1DW6POBITLmka66RnCk8;hBxzZdytxeon4S3dk4OW0nFHLSAYG1Bs0WJSnUW7tBPk5iuFGp;710823869737734144-zGYAIKCAbyVOpaebnxrQzXHqEV1Yz6b;rcJyZdmqevlzWBqcMz80qQUPBVCTFJ7ROn52cwAwjGaow
http://www.greenstartravel.co.uk/;Z5s9IO23myMj7w3bM3MhPRllK;6fT9c2Ulysc4Em7UZ4NlCa8MPgbabHdvMiA41Er0bvucvGxb5I;121402829-Pp0NPeqP5u5MRvKdrcVZPXuroFZfBSMNSoSg3QlI;u9ufyGoVHrLL50JXPRwXDt0LpB0nI3vPLm9LXtjL4dHb9
http://holly-fox.co.uk/;706tE6ejuqQew1nyHsugA;D9xcgiatIw4a155p367ftKiyKopQsT5CiW07QNTlE;250827107-rq6YP4C8zlGXsfeA5cwhQjREMyHlld0YH7CkFI81;mPyQfoB5vMv7OEDZszWj7HAMa67aHlQv5ZUKmXoA
http://hounslowvets.co.uk/;a92p5GIbAcIT2RBvPmQ3xQvGV;Kyb9IJUuWQn5tF8D7mjHXkNDdhHuOsnVjTo9vqKDxbVZCTITH2;249559898-m8FqkRcW5EpuBBpyyczWGZkxfViND4IuxHxx51aB;5G3OErrXNTQiMxfqbsuL3Htstp8L2SnZboukTLrwZjVan
http://www.ianhowelandscaping.co.uk/;0sJR652t3jFukcHDbtd2QA;5r3sflWSjwK4uySYMQuvbLHvKwzlRPQhYTvu4tSDv8;1196360754-uUyAJj4QoWyG2ODgpSOOZ6oFkvP1jaeC59X98QG;szwfElWIGUfwBaQ8VLYJSnlFXgQFshHrAUD8GlhHDerWh
http://perkhillholidaycottages.co.uk/;8cwHJ93LUU6TFHMe01gAUCmpY;nWIRZsuTEmihavR6FajZXgfIEoWIqIW8KH7U1ZO8PXtHPe5RM7;54847458-Zi2TQpP1mPQ5DKLKkXsyHpECfcDPXpRRbuz75IVp3;fz1An0xOBGqU0V7X21Qcb7Lio3G2LKNyjlHaCpOyfEbuI
http://samiltons.co.uk/;HOXufuxRvhhuzhOIcGjJjw;4GAHIxyVAqkHEETsyUZdQZjsCXgR1UoY65p0sZ6x8;339590646-iii2kiFHqicJBM0O3TpZrNNKBZBmodEzXUkBKacb;DWOgyOkFyFwzGVn7P6Ek4DBDWgzMDc9Wph1bnxvAwA
http://socialpack.co.uk/;;;;
http://tottenhamsports.co.uk/;7x9Eo1P3s5FiZlIlNh7RKcYOy;Dz5kwSpWZVR5gJm75e4i4ObHidVsc0fa1xhpeH45rRZ1ZZZOpR;863377476-GHcCZO6GLGBVaBjiQEcPv9k6TWI1viABnfiUTwrN;5W8ZUhrEUtqpcA9VTQhVuzL8ZsdL1GZB7kLg7DXIyPb1n
http://vortex-creates.co.uk/;jfBzoLRfyg3vHPSgVsWBPNDoI;7mpBtjvueEGfGOA0x7WOGdP6pXqgu3dbd9DfyN5oMKs7819uEx;107044325-TilYDhYBUgiXPt4OkCXIa50IAnteP8YbJ1ZNDaid;zhspVCMvgkDZDulhhJoAWzMyOFjq1GuELVhYbyJ5ztXNJ
http://wendyshair.co.uk/;bpOV8oc1DwRg897cFUEtA;KyLGogSmk1zhnh2WuebWfMvxGxQtNQ879WSM3Q;600336380-vSd0JCZKDYenohMaJmyeEmowrb53zs1HZ33lOTOU;iLQDuzQ77lLaYFSSl188y5Mclwe7kMyNLrnGwua5V458R
http://www.youngvets.co.uk/;a92p5GIbAcIT2RBvPmQ3xQvGV;Kyb9IJUuWQn5tF8D7mjHXkNDdhHuOsnVjTo9vqKDxbVZCTITH2;249559898-m8FqkRcW5EpuBBpyyczWGZkxfViND4IuxHxx51aB;5G3OErrXNTQiMxfqbsuL3Htstp8L2SnZboukTLrwZjVan
http://mrgsrl.com.ar/;hwd0hO3Q0IiNtavR1m5fq5yMD;K2eUt2gM7QwoyVQLEjmJo5MxYs9SnVBRul6zBBy8q2nVrATTuf;3351845836-m3VOqUPxI8nsXJEtbMHOCxHUlVPuAyHn58RCvpv;Y9b32pe1z0mQAWCjfLZOWVPfiyo12G8STxegMQKkHb9QC
http://socialties.com.au/;fSmUzxdCDbHnMJ0L6iCg;LseasbtwkKxfGFijeKIQfyq6GmZYX7rqYifzDI4wqiw;2382756181-cchSXB1uHQJcdQ0eDFMaVDLPIk2K6j26KY4xy5U;3VRsyPKmCH7tPr9YpWSJH0LSgWhgwhC56xzU0bXlVnPnu
http://tradiesvirtualassistant.com.au/;22NmcqwAVKwuSLaDlDooBIOjH;yKIGuOp5OZmeu7hhcqVjrvKGHdQtXOh6ohH2ewZfJCZosffICB;3756093612-iPTMz4zDAro9hi1Shgm3JCFf7O4cERkpuMG2ZYW;qkMrgWqImuiPSfwUoBut1peoXdPK6hIEYOy1VTXI5igZf
http://backyardbargain.club/;9dh9YaDesqJ5DymEVLDeA;vDMTl1sHE1Wt3ibt5Ug25GlM9eFsmNjmUOaC5KHAM;1656245952-GngDih8v8oZCBUDroRyRsAVQbZ8Hw4GPl2kYZJf;HGkqKkSK0p39e0Om9j2EF2Us5z51x047XNcqdmSPQ
http://londonscottie.club/;7xQobtz33C0evmpcWzuolteLu;jtDzx4bVHWNurjj5HT4fwNKlUasscgkVagxkz9y9aGkS8BlQVM;4902117075-43iTFofA6Ze9A2cD0urQXCtpb6y9AUEEazZ713K;61Gdj2KutlvZpaDQPRwg1u2iYTiaejl6ApDqLslLJ5LdI
http://superdadfun.club/;9dh9YaDesqJ5DymEVLDeA;vDMTl1sHE1Wt3ibt5Ug25GlM9eFsmNjmUOaC5KHAM;1656245952-GngDih8v8oZCBUDroRyRsAVQbZ8Hw4GPl2kYZJf;HGkqKkSK0p39e0Om9j2EF2Us5z51x047XNcqdmSPQ
http://gpmip.cn/;;;;
http://alicante.consulado.gob.ec/;3wVuZi77RCEZuo7R3Cdq0i5zb;UV9WNNMU9cloV7U5r6Ps7Nh1k3Z78ku79UEHfdiiDPkDPkLlEE;220895894-o89C1a5eppMTMLyAxlihgOW9dZkVhQ8A797zBovU;grEyCFWsZEUzF7Vg3ZTFYv5WihIqshmRI2rdcbOIKF7cn
http://alemania.embajada.gob.ec/;3wVuZi77RCEZuo7R3Cdq0i5zb;UV9WNNMU9cloV7U5r6Ps7Nh1k3Z78ku79UEHfdiiDPkDPkLlEE;220895894-o89C1a5eppMTMLyAxlihgOW9dZkVhQ8A797zBovU;grEyCFWsZEUzF7Vg3ZTFYv5WihIqshmRI2rdcbOIKF7cn
http://montreal.consulado.gob.ec/;3wVuZi77RCEZuo7R3Cdq0i5zb;UV9WNNMU9cloV7U5r6Ps7Nh1k3Z78ku79UEHfdiiDPkDPkLlEE;220895894-o89C1a5eppMTMLyAxlihgOW9dZkVhQ8A797zBovU;grEyCFWsZEUzF7Vg3ZTFYv5WihIqshmRI2rdcbOIKF7cn
http://minneapolis.consulado.gob.ec/;3wVuZi77RCEZuo7R3Cdq0i5zb;UV9WNNMU9cloV7U5r6Ps7Nh1k3Z78ku79UEHfdiiDPkDPkLlEE;220895894-o89C1a5eppMTMLyAxlihgOW9dZkVhQ8A797zBovU;grEyCFWsZEUzF7Vg3ZTFYv5WihIqshmRI2rdcbOIKF7cn
http://londres.consulado.gob.ec/;3wVuZi77RCEZuo7R3Cdq0i5zb;UV9WNNMU9cloV7U5r6Ps7Nh1k3Z78ku79UEHfdiiDPkDPkLlEE;220895894-o89C1a5eppMTMLyAxlihgOW9dZkVhQ8A797zBovU;grEyCFWsZEUzF7Vg3ZTFYv5WihIqshmRI2rdcbOIKF7cn
http://miikatomi.fi/;2h7BLvIoP5ZW2kLKyWxzA;T4QkHt1oEhz7aDBMmqXjQ8ynv0zpeBKBASrA8Xm44o;733398878-5uaWqx1j3Vx5Z5gy0PUSX5a2W3JNqUZFl9pELZ3O;dVmhAOiIjamfwqL0In1KOTejrK0dqLss4cXerwLiP0
http://mudbakery.ie/;lh1q8zYq7CBWsai6DnBqJIAIA;kumJEBk0aJfHJzGeGpMWlGstcvrILuNXBwC8vUeJIftEEg3XwS;40942479-HigODMS2dIL1kWJao65eKQI3lwOgA6FXNxgClGz0U;MsxEG3s2wSnpxLvscaAc1NwsJo630Cffr1sgCcfD61QVS
http://blogbucket.in/;;;;
http://www.daniellespreekt.nl/;kbkI5yadGjLP7cpEpHnybtiqX;WXEIsP4C8sb9Rx81n4UVJUjLa5sTSjz948lEmD8R2KLv3ZN1o3;2318446013-LIVUh6zM1xRyMCtxjboTAKk4Y91yzuNLneu28Sr;TFINCYwXCJrQT6RFFi7HWSWcbhrBaypSUp2IW92EcvCue
http://www.duikcentrumleonardo.nl/;hoCE0QoiSWXKpW1GNUBYQ;3mu5V7a7NaqUKzQt3YIZi8uWCbWuWxclVYjVx8M04w;471249480-TGMM3INa8EoqUSN5tuXEGDYLpjF6iJKd72EMjCuJ;hLjUeNEij6nqgLWQe170FKG2Hmuq52jdduHgISdGHI
http://everswijn.nl/;L3feXxxyEr33ZKRlyRDsfaQ8H;RAgzE9tvkIdN95SXbitluGnQCUcCSubKEDnhD3hkcMtbUEyBA2;2780855749-3r4WUUzE93wN1x12tebjBluX69wuqMoSrNTXDfA;vTpSWhELMZWZiqVwssbW3aeUGiKZip05zbv3q9Wt9D94r
http://www.thefrogurtstore.co.nz/;DPBuG5twp0Q0h1aZZ1FendAKQ;I6SpOpN1ZfnZrQcCZbCFfGIh6wNsIiNCGkwkMgp7rOXUu7UEb5;2479494294-hQyV6EtGr2DxugVBBWeQtqekvaGQQr9QcMDGfiM;wFof65W0NYyCWFs0pYWTsfCguJPTU0itYqGdaZnSyf2OT
http://www.alamah.om/;7I8pEShPKmpxO6pVS5FqHw;Tf0sBYLLcq4YZLwFtQRMFFWXWyRZwszD3xSYel6Eivk;720695851-3aqmDolWS7gd1ZXctxXkuv9HkVnegRPBPVBDLsgs;SDDwO9moAo0EidzDyP0k5de8Pc7LRfnca0qI1X8cSymZk
https://kartaparymlodej.pl/;f4hyy8XmEDsA6cvhanghI2OrH;f8Zsgrod8oUa4ix8300bnWC7DZvbKERhlJCkcIbGVTQerzI4Gq;731879277873012737-b7wugm0QeaKUzvNTlAhSoecb90rBEBa;rg0nf9MVTDmCmYzT9IbrNGouAQZfEAZ0Ewq2JKmNvAzo1
http://eucons.com.tr/;6OBOCwrhQaeoLkCweIcmYA;tz87tRbQIOCz1IhS1eSTLFv16MSrLkDvXdczV1Kh3I;1690806259-UWkTIqyfyQWFpu4PG2eHYzYiBnMCeNhfLaoNaBC;S09ZdfCm2jPnRxcz1sEAbrXlRc2mLbe2yoH3Nr08
https://www.faiktunay.com.tr/;;;;
http://www.capetownplasticsurgery.co.za/;;;;
http://www.edentimber.co.za/;;;;
http://www.engelkeflowers.co.za/;;;;
http://www.microzoneprojects.co.za/;;;;
http://primalmotion.co.za/;;;;
http://www.rapidblue.co.za/;ttzTxlRSNFcDzmOGtcEtq4QIp;htzRmqm47Mk2HP2QGtuP5s84k8ovLx7ApTsrTHk4AHaopgR2jS;57030821-F8hHejXodpFnSJV6CkolU2ogO1xIM1kamSf1vkdWj;98hJPpMDS5MjcPcXKyiMvh6A1VXmMyEINvXkMd82aTTbw
http://www.sagaragedoors.co.za/;QeyibHAKMjeKXVr0ZqQXycspq;X80QBxXlJR4WVcSAn4wi5uebkCZowgZ6tK96FCPhUUMet37aA5;3393896085-1hY8vJJGixe2oHShgBFf9r6v966pc8yfipGtrMM;UtYFMTCTJhdEqOQi9Q3DOeFJ13yfwWzvd9u1a4ZIikx9a
http://thehandlebar.co.za/;;;;
http://www.digitalonlinebrand.com/;;;;